gene_symbol,n,n_pos,n_neg,varity,alphamissense,gmvp,polyphen2,sift
AAAS,13,8,5,0.95,1.0,1.0,0.9500000000000001,0.8500000000000001
AARS2,34,14,20,0.925,0.9285714285714286,0.9107142857142858,0.9,0.8321428571428571
AASS,14,4,10,0.75,0.775,0.7500000000000001,0.7749999999999999,0.7875
ABCA1,58,5,53,0.9773584905660377,0.9962264150943396,0.9056603773584906,0.9773584905660377,0.7528301886792453
ABCA12,112,19,93,0.9134125636672326,0.9530277306168646,0.9603848330503679,0.9074702886247878,0.9069043576683644
ABCA3,46,24,22,0.9659090909090908,0.9962121212121212,0.9488636363636364,0.9640151515151516,0.9412878787878788
ABCA4,326,307,19,0.9658837647865592,0.9667409566260928,0.9108520486884965,0.9364820846905537,0.9090519458254758
ABCB11,56,36,20,0.9916666666666667,0.9666666666666668,0.9569444444444445,0.9888888888888888,0.9208333333333334
ABCC2,23,6,17,0.9803921568627451,0.9313725490196079,0.8725490196078431,0.9509803921568627,0.9166666666666666
ABCC6,62,36,26,0.9925213675213675,0.954059829059829,0.9668803418803419,0.9503205128205129,0.9807692307692308
ABCC9,20,17,3,1.0,1.0,1.0,1.0,1.0
ABCD1,149,83,66,0.97973713033954,0.9612084702446148,0.9138371668492151,0.9531763417305587,0.8952172325666301
ACAD8,15,9,6,0.888888888888889,1.0,0.9444444444444444,0.9166666666666666,0.8703703703703703
ACAD9,26,16,10,0.9125,0.95,0.93125,0.88125,0.903125
ACADS,22,19,3,0.9824561403508772,0.8245614035087719,0.8771929824561403,0.9824561403508772,0.912280701754386
ACAN,60,6,54,0.8641975308641976,0.9135802469135802,0.7654320987654322,0.4444444444444444,0.7191358024691358
ACP4,14,5,9,0.9333333333333333,1.0,1.0,1.0,0.9777777777777779
ACP5,10,3,7,1.0,1.0,1.0,1.0,1.0
ACSF3,16,4,12,0.9791666666666666,1.0,1.0,0.9791666666666666,0.9375
ACVR1,16,3,13,1.0,0.9230769230769231,1.0,0.9487179487179488,0.8461538461538461
ACVRL1,126,117,9,0.9677113010446344,0.9867046533713201,0.9620132953466287,0.9050332383665717,0.8679962013295347
ADA,23,18,5,0.9444444444444444,0.8333333333333333,0.8666666666666667,0.9444444444444445,0.8
ADA2,20,16,4,1.0,0.953125,0.96875,0.984375,0.8671875
ADAMTS13,51,32,19,0.8453947368421053,0.975328947368421,0.9342105263157895,0.9070723684210527,0.921875
ADAMTS17,11,3,8,0.875,1.0,0.8333333333333333,0.875,0.8125
ADAMTSL2,13,7,6,1.0,1.0,1.0,1.0,1.0
ADAR,11,6,5,1.0,1.0,1.0,0.8333333333333334,0.8833333333333334
ADCY5,51,17,34,0.9757785467128027,0.986159169550173,0.8685121107266437,0.8849480968858131,0.7811418685121108
ADGRG1,16,5,11,0.9818181818181818,1.0,0.8545454545454545,0.9636363636363636,0.9454545454545454
ADGRV1,593,20,573,0.7950261780104713,0.7576788830715532,0.7490401396160559,0.7129144851657941,0.7034031413612565
ADSL,19,14,5,0.7,0.6714285714285715,0.6714285714285715,0.6285714285714286,0.5928571428571429
AFF2,44,4,40,0.5,0.7875000000000001,0.6000000000000001,0.578125,0.60625
AGA,13,7,6,0.8809523809523809,0.9047619047619048,0.8333333333333334,0.8928571428571429,0.9880952380952381
AGL,20,11,9,0.9090909090909091,0.797979797979798,0.8080808080808081,0.8181818181818182,0.7121212121212122
AGPAT2,9,4,5,1.0,1.0,1.0,0.9,0.9750000000000001
AGXT,74,68,6,0.9656862745098039,0.9313725490196079,0.948529411764706,0.9007352941176471,0.8272058823529411
AHCY,7,4,3,1.0,0.9166666666666667,0.8333333333333334,0.5833333333333334,0.6666666666666667
AHI1,36,16,20,0.9875,0.984375,0.96875,0.921875,0.90625
AIFM1,44,21,23,0.8592132505175983,0.8364389233954451,0.7867494824016563,0.8240165631469979,0.8540372670807452
AIPL1,28,15,13,0.9897435897435898,0.9794871794871794,0.958974358974359,0.9743589743589745,0.9435897435897436
AIRE,28,18,10,1.0,0.9722222222222221,0.9833333333333334,0.961111111111111,0.9361111111111111
AK2,10,4,6,0.9583333333333334,1.0,0.9583333333333334,0.875,0.9583333333333334
ALAS2,29,19,10,0.9526315789473684,0.968421052631579,0.9105263157894737,0.8842105263157894,0.8736842105263158
ALDH18A1,18,12,6,0.875,0.9583333333333334,0.875,0.9027777777777779,0.8680555555555556
ALDH1A3,9,6,3,1.0,1.0,1.0,1.0,0.9444444444444444
ALDH3A2,17,9,8,0.9861111111111112,1.0,1.0,1.0,1.0
ALDH5A1,16,11,5,0.9818181818181819,1.0,1.0,0.9818181818181819,0.9181818181818181
ALDH6A1,7,3,4,1.0,1.0,1.0,0.9166666666666666,0.875
ALDH7A1,36,31,5,0.8709677419354839,0.9161290322580645,0.8580645161290322,0.8612903225806452,0.7161290322580645
ALG1,21,10,11,1.0,1.0,0.9181818181818182,1.0,0.990909090909091
ALG11,10,5,5,1.0,1.0,1.0,1.0,0.9800000000000001
ALG13,79,6,73,0.8995433789954337,0.8881278538812786,0.8401826484018265,0.8344748858447488,0.9337899543378996
ALG6,10,4,6,1.0,1.0,1.0,1.0,0.9791666666666667
ALG8,7,3,4,1.0,1.0,0.9166666666666666,0.8333333333333334,1.0
ALK,60,7,53,1.0,0.9865229110512129,0.8005390835579514,0.9514824797843666,0.9245283018867925
ALMS1,128,7,121,0.7355371900826445,0.6340023612750885,0.69185360094451,0.6216056670602125,0.6168831168831169
ALS2,21,11,10,0.990909090909091,0.9636363636363636,0.9545454545454545,1.0,0.7272727272727273
AMH,21,6,15,1.0,1.0,0.9777777777777779,0.6222222222222221,0.9833333333333334
AMHR2,14,8,6,0.875,0.7500000000000001,0.7708333333333333,0.875,0.9375
AMT,23,19,4,0.9868421052631579,0.9473684210526316,0.8947368421052632,0.9605263157894737,0.9671052631578947
ANK2,114,8,106,0.7004716981132074,0.7228773584905661,0.6037735849056604,0.6975235849056604,0.42865566037735847
ANKH,6,3,3,1.0,1.0,1.0,1.0,1.0
ANKRD11,252,25,227,0.9245814977973568,0.9114537444933921,0.94784140969163,0.676035242290749,0.8256387665198238
ANKRD17,33,4,29,0.8448275862068966,0.7413793103448276,0.7241379310344827,0.6982758620689654,0.6896551724137931
ANO10,11,3,8,0.875,0.9166666666666666,0.7916666666666666,0.8333333333333334,0.8125
ANO3,15,6,9,1.0,1.0,0.9259259259259259,0.8888888888888888,0.7962962962962963
ANO5,25,18,7,1.0,1.0,0.9682539682539681,1.0,1.0
AP1G1,7,3,4,0.75,1.0,1.0,1.0,0.75
AP4B1,13,3,10,1.0,1.0,1.0,1.0,0.9500000000000001
APC,67,16,51,0.9387254901960784,0.9387254901960784,0.8897058823529411,0.9074754901960784,0.8743872549019608
AR,144,116,28,0.9630541871921182,0.9750615763546798,0.9559729064039408,0.8400554187192119,0.8497536945812808
ARID1A,126,3,123,0.6585365853658537,0.7127371273712737,0.5745257452574526,0.7696476964769648,0.6192411924119241
ARL13B,9,4,5,0.9500000000000001,1.0,0.9,0.9,0.7749999999999999
ARPC1B,9,3,6,0.888888888888889,0.888888888888889,0.888888888888889,0.7222222222222222,0.75
ARSB,65,60,5,0.9466666666666667,0.9866666666666666,0.9433333333333334,0.9266666666666666,0.87
ARSG,11,6,5,1.0,1.0,1.0,1.0,0.8
ARX,39,16,23,0.9836956521739131,1.0,0.9945652173913044,0.9836956521739129,0.8872282608695652
ASL,51,46,5,1.0,0.9652173913043478,0.9826086956521739,0.9630434782608696,0.9195652173913044
ASNS,24,20,4,0.9875,0.9625,0.95,0.9625,1.0
ASPA,25,19,6,0.956140350877193,0.9210526315789473,0.9473684210526315,0.9473684210526315,0.9166666666666666
ASS1,29,25,4,1.0,0.99,0.96,0.98,0.975
ASXL1,182,3,179,0.5865921787709497,0.690875232774674,0.6182495344506517,0.7420856610800745,0.680633147113594
ATF6,12,3,9,1.0,0.888888888888889,0.8518518518518519,0.962962962962963,0.9444444444444445
ATG7,11,4,7,0.9285714285714286,0.9285714285714286,0.7857142857142857,0.8035714285714286,0.8571428571428572
ATL1,43,40,3,0.9750000000000001,0.9916666666666667,0.9583333333333334,0.7041666666666667,0.9875
ATM,153,55,98,0.9122448979591837,0.9191094619666048,0.90556586270872,0.8658627087198515,0.804730983302412
ATN1,40,8,32,0.96875,1.0,0.984375,0.447265625,0.859375
ATP1A1,23,11,12,0.9696969696969697,1.0,0.9696969696969697,0.9924242424242423,0.75
ATP1A2,48,40,8,0.95,0.98125,0.953125,0.996875,0.93125
ATP2A2,21,13,8,1.0,1.0,0.9615384615384616,0.9230769230769231,0.875
ATP2B3,36,5,31,0.7677419354838709,0.8129032258064517,0.367741935483871,0.8258064516129032,0.7838709677419355
ATP5F1A,9,3,6,0.888888888888889,0.888888888888889,1.0,0.8333333333333334,0.8611111111111112
ATP6AP1,22,3,19,0.9824561403508772,1.0,0.9824561403508772,1.0,0.9210526315789473
ATP6V0A4,13,6,7,1.0,1.0,1.0,1.0,0.8571428571428572
ATP6V1B2,11,4,7,1.0,1.0,1.0,1.0,0.8571428571428572
ATP7A,221,25,196,0.9373469387755102,0.9838775510204081,0.9583673469387755,0.9298979591836735,0.8290816326530612
ATP7B,7,4,3,0.8333333333333334,0.75,0.8333333333333334,0.7916666666666667,0.8333333333333334
ATP8A2,9,3,6,0.7222222222222223,0.888888888888889,0.8333333333333334,0.888888888888889,0.75
ATP8B1,12,8,4,0.96875,0.90625,0.875,1.0,0.71875
AUH,8,5,3,1.0,1.0,1.0,1.0,1.0
AUTS2,101,8,93,0.9220430107526881,0.9556451612903225,0.9112903225806451,0.8971774193548386,0.7795698924731183
AVP,8,4,4,0.875,1.0,0.9375,0.75,0.9375
AVPR2,34,12,22,1.0,1.0,0.9659090909090908,0.9924242424242424,0.975378787878788
B3GAT3,8,5,3,1.0,1.0,1.0,0.8,0.9
B3GLCT,10,4,6,1.0,1.0,1.0,1.0,0.875
B4GALNT1,9,4,5,1.0,1.0,1.0,0.9500000000000001,0.9
BAAT,14,4,10,1.0,1.0,0.9500000000000001,1.0,1.0
BAP1,36,15,21,0.9206349206349207,0.9047619047619048,0.9238095238095239,0.880952380952381,0.8650793650793651
BBS10,18,14,4,1.0,1.0,1.0,1.0,1.0
BBS12,14,8,6,0.9583333333333334,0.9166666666666666,0.8958333333333334,0.90625,0.9583333333333334
BBS4,10,5,5,0.92,0.88,0.8400000000000001,0.92,0.76
BBS9,12,5,7,0.9714285714285715,0.9714285714285715,1.0,0.9857142857142858,0.8571428571428572
BCKDHA,35,29,6,0.9712643678160919,0.9885057471264369,0.9482758620689655,0.9597701149425287,0.9683908045977012
BCKDHB,53,50,3,1.0,1.0,1.0,1.0,1.0
BCL11A,17,6,11,0.7272727272727273,0.6666666666666667,0.7272727272727273,0.5757575757575757,0.6515151515151515
BCL11B,44,3,41,0.8048780487804877,0.983739837398374,0.910569105691057,0.6666666666666666,0.6341463414634146
BCS1L,14,10,4,0.975,0.9,0.825,1.0,1.0
BICD2,90,17,73,0.951651893634166,0.9879129734085416,0.9178082191780822,0.8722804190169219,0.8356164383561644
BMP1,9,3,6,0.888888888888889,1.0,0.7777777777777778,0.7777777777777778,0.8333333333333334
BMPR2,110,61,49,0.9638675142188022,0.9528270324523253,0.9742388758782201,0.8902643024422884,0.9024757443961191
BRAF,76,65,11,0.9944055944055944,0.9986013986013986,0.9944055944055944,0.9636363636363636,0.9461538461538461
BRAT1,31,4,27,0.9444444444444444,0.9305555555555556,0.9444444444444445,0.9027777777777779,0.8796296296296297
BRCA1,344,67,277,0.9679400829786088,0.9648957379169136,0.9690716094617167,0.7360849183684466,0.8761517323131633
BRIP1,46,7,39,0.9047619047619048,0.9304029304029304,0.9523809523809523,0.9377289377289376,0.9010989010989011
BRWD3,36,3,33,0.9696969696969697,0.9494949494949495,0.8787878787878788,0.8686868686868686,0.8787878787878788
C1GALT1C1,9,3,6,0.7777777777777778,0.9444444444444444,0.7777777777777778,0.8333333333333334,0.8611111111111112
C2CD3,63,4,59,0.8983050847457626,0.8940677966101696,0.9067796610169492,0.8983050847457628,0.798728813559322
C3,8,3,5,0.9333333333333333,0.8666666666666667,0.8,1.0,0.8666666666666667
CACNA1A,35,24,11,0.9962121212121212,0.8939393939393939,0.9734848484848485,0.8901515151515151,0.6212121212121212
CACNA1D,7,3,4,1.0,1.0,0.8333333333333333,1.0,0.75
CACNA1E,317,9,308,0.941919191919192,0.9024170274170273,0.9783549783549784,0.7873376623376623,0.6354617604617603
CACNA1G,109,13,96,0.9823717948717949,0.9887820512820513,0.9775641025641026,0.9391025641025641,0.7291666666666666
CACNA1H,298,5,293,0.6648464163822525,0.6631399317406144,0.6136518771331059,0.6484641638225257,0.6010238907849829
CACNA1S,74,11,63,0.935064935064935,0.9783549783549783,0.9682539682539683,0.7186147186147186,0.7582972582972582
CAMTA1,64,8,56,0.9620535714285715,0.9799107142857143,0.9642857142857143,0.8537946428571428,0.8839285714285714
CANT1,11,5,6,1.0,1.0,0.9333333333333333,0.9,1.0
CAPN1,10,4,6,0.9166666666666667,0.9166666666666667,1.0,0.8333333333333334,0.9166666666666667
CAPN3,73,68,5,0.8117647058823529,0.973529411764706,0.9352941176470588,0.861764705882353,0.8794117647058823
CARD11,109,10,99,1.0,0.994949494949495,0.997979797979798,0.9833333333333333,0.9343434343434344
CARD14,34,6,28,0.9761904761904763,1.0,0.9404761904761906,0.7291666666666666,0.9345238095238095
CASK,31,18,13,0.9487179487179487,0.9487179487179488,0.9615384615384615,0.8782051282051283,0.5918803418803418
CASQ2,8,3,5,1.0,0.9333333333333333,1.0,1.0,1.0
CASR,33,28,5,0.9,0.9928571428571429,0.9357142857142857,0.8785714285714286,0.8071428571428572
CBL,31,14,17,0.9957983193277311,0.9831932773109243,0.9747899159663865,0.9537815126050421,0.8550420168067226
CC2D2A,39,20,19,0.9473684210526316,0.9210526315789475,0.9736842105263158,0.9394736842105263,0.8986842105263158
CCDC88C,60,3,57,0.9649122807017544,0.9005847953216374,0.9181286549707601,0.9181286549707602,0.9385964912280702
CCNB3,20,3,17,0.9411764705882353,0.9411764705882353,0.9411764705882353,0.9803921568627451,0.9019607843137255
CCND2,8,4,4,1.0,1.0,1.0,1.0,1.0
CD40LG,22,10,12,0.9916666666666666,0.9916666666666666,0.9416666666666667,1.0,0.7875000000000001
CDAN1,19,4,15,0.9666666666666667,1.0,0.9500000000000001,0.7833333333333333,0.9
CDH1,140,13,127,0.8552392489400363,0.7880072683222289,0.8273773470623865,0.7970926711084192,0.7883101150817686
CDH23,71,44,27,0.8661616161616161,0.9924242424242424,0.98989898989899,0.9242424242424243,0.9090909090909091
CDH3,11,4,7,1.0,1.0,0.9642857142857143,1.0,0.9821428571428572
CDK13,120,24,96,0.9756944444444444,0.9809027777777778,0.9756944444444444,0.9683159722222222,0.7354600694444444
CDKL5,138,69,69,0.9951690821256038,0.9932787229573619,0.9966393614786809,0.8720856962822936,0.8365889519008611
CEACAM16,15,4,11,0.75,0.5,0.4318181818181818,0.5795454545454546,0.7272727272727273
CEBPA,22,7,15,0.9333333333333333,0.8857142857142857,0.9428571428571428,0.8857142857142858,0.8857142857142857
CELSR3,49,11,38,0.8827751196172249,0.8433014354066987,0.861244019138756,0.9066985645933014,0.80622009569378
CEP290,24,8,16,0.8984375,0.859375,0.7890625,0.76953125,0.8125
CEP76,9,5,4,0.8,0.8,0.85,1.0,0.9
CEP78,9,3,6,0.7777777777777778,0.9444444444444444,0.7777777777777778,0.9444444444444444,0.7777777777777779
CERS3,16,4,12,1.0,1.0,1.0,1.0,1.0
CFB,13,3,10,0.9,1.0,0.9333333333333333,0.8,0.6166666666666667
CFI,22,15,7,0.9238095238095237,0.9047619047619048,0.9333333333333333,0.938095238095238,0.8857142857142858
CHAT,37,16,21,0.9821428571428572,0.9375,0.9732142857142858,0.9642857142857143,0.8943452380952381
CHD2,107,38,69,0.9290617848970252,0.9019832189168574,0.9046529366895499,0.8888253241800151,0.8123569794050343
CHD4,54,28,26,0.9285714285714285,0.9739010989010989,0.9711538461538461,0.8681318681318682,0.5576923076923077
CHD7,314,31,283,0.9430069531517156,0.943120939245412,0.9303544967513964,0.8635016527983587,0.6537102473498233
CHST14,10,3,7,1.0,1.0,1.0,0.8095238095238095,1.0
CHST3,25,16,9,1.0,1.0,0.9861111111111112,1.0,0.9861111111111112
CLCN1,73,65,8,0.9096153846153846,0.95,0.9730769230769232,0.9307692307692308,0.9192307692307693
CLCN4,32,16,16,0.8828125,0.93359375,0.87109375,0.90625,0.7578125
CLCN7,35,17,18,0.9640522875816994,0.954248366013072,0.9771241830065359,0.9526143790849673,0.9019607843137255
CLCNKB,24,11,13,0.951048951048951,0.993006993006993,0.979020979020979,0.9440559440559441,0.9790209790209791
CLN3,17,13,4,1.0,1.0,1.0,0.75,0.9903846153846154
CLN6,13,10,3,0.9333333333333333,1.0,0.9666666666666668,0.8333333333333333,1.0
CLN8,23,19,4,0.7894736842105263,0.9078947368421053,0.7894736842105263,0.7171052631578948,0.8157894736842105
CNGA3,81,69,12,0.9939613526570048,0.9975845410628019,0.9951690821256038,0.9776570048309179,0.961352657004831
CNGB1,32,8,24,0.9791666666666667,0.9635416666666667,0.9375,0.859375,0.9166666666666666
CNGB3,22,9,13,0.8290598290598291,0.8205128205128206,0.8034188034188035,0.7863247863247862,0.7307692307692308
CNNM2,10,7,3,0.761904761904762,0.8095238095238095,0.8571428571428572,0.8095238095238095,0.5952380952380953
CNNM4,10,6,4,1.0,1.0,1.0,1.0,1.0
CNOT1,15,3,12,1.0,1.0,0.9722222222222222,0.9444444444444444,0.5833333333333333
CNOT3,22,3,19,0.9649122807017544,1.0,0.8771929824561404,0.6228070175438597,1.0
CNTNAP1,8,3,5,1.0,1.0,1.0,1.0,0.9666666666666667
COL10A1,31,12,19,0.8771929824561404,0.8070175438596491,0.8508771929824561,0.368421052631579,0.7192982456140351
COL11A1,199,17,182,0.9402068519715578,0.9662249515190691,0.9709114414996768,0.6675824175824174,0.8269230769230769
COL12A1,126,6,120,0.8875,0.9569444444444445,0.9777777777777777,0.9173611111111112,0.7569444444444444
COL17A1,38,4,34,0.9926470588235294,0.9632352941176471,0.9558823529411764,0.650735294117647,0.9558823529411765
COL27A1,64,4,60,1.0,1.0,1.0,0.5875,0.9416666666666667
COL2A1,49,22,27,0.9040404040404041,0.9427609427609428,0.9326599326599326,0.9436026936026936,0.8602693602693603
COL4A1,143,117,26,0.9470742932281394,0.985535831689678,0.9921104536489153,0.7624917817225509,0.9653188691650231
COL4A2,72,14,58,0.9839901477832512,0.9926108374384236,1.0,0.8134236453201971,0.939655172413793
COL4A3,225,188,37,0.9873490511788383,0.9945370902817711,0.994968372627947,0.5166043703277745,0.9764232317423807
COL4A4,177,138,39,0.9715719063545151,0.9910813823857301,0.9994425863991082,0.6004273504273504,0.9358974358974359
COL4A5,407,331,76,0.9889489584989665,0.9892073461599618,0.9908968039433932,0.5392749244712991,0.9679798060104945
COL5A1,217,21,196,0.9494655004859086,0.9533527696793003,0.9650145772594751,0.5364431486880465,0.8330903790087464
COL5A2,22,4,18,0.8888888888888888,1.0,1.0,0.8194444444444444,0.9166666666666667
COL6A1,149,41,108,0.9442186088527552,0.9363143631436314,0.9647696476964769,0.8943089430894309,0.8416892502258355
COL6A2,99,49,50,0.9893877551020408,0.9951020408163265,0.9836734693877551,0.9414285714285714,0.8912244897959184
COL6A3,194,23,171,0.9473684210526316,0.9541062801932367,0.9636409865242817,0.531019577930333,0.7686244596999746
COL7A1,380,171,209,0.9594000951341671,0.9559724670527994,0.9651920870757436,0.6746271580066594,0.8718346903942471
COLQ,12,8,4,0.71875,0.8125,0.71875,0.78125,0.734375
COMP,81,71,10,0.876056338028169,0.8760563380281691,0.804225352112676,0.6225352112676056,0.7612676056338028
COPA,21,3,18,0.9629629629629629,0.9074074074074074,0.7407407407407407,0.8333333333333334,0.8055555555555556
COQ4,9,4,5,0.9500000000000001,0.8500000000000001,1.0,0.875,0.875
COQ8A,30,20,10,1.0,1.0,0.98,0.98,0.8
COQ8B,12,7,5,1.0,1.0,1.0,1.0,1.0
CPA1,19,3,16,1.0,1.0,1.0,1.0,0.9375
CPLANE1,42,10,32,0.965625,0.95,0.996875,0.903125,0.9171875
CPT1A,26,13,13,1.0,1.0,1.0,0.9940828402366864,0.9615384615384616
CPT2,17,12,5,0.95,0.9333333333333333,0.95,0.9166666666666666,0.85
CRB1,124,109,15,0.9321100917431193,0.9125382262996942,0.8776758409785932,0.8889908256880734,0.9033639143730887
CRB2,40,6,34,0.9754901960784313,0.9558823529411764,0.9656862745098039,0.9166666666666666,0.9705882352941176
CREBBP,136,20,116,0.9663793103448275,0.981896551724138,0.984051724137931,0.9288793103448275,0.6982758620689655
CRLF1,7,3,4,0.8333333333333334,1.0,0.8333333333333334,0.9166666666666666,0.8333333333333334
CRX,18,12,6,0.9583333333333334,1.0,0.888888888888889,0.3333333333333333,0.7916666666666667
CRYBB1,10,4,6,1.0,0.9166666666666667,0.7083333333333334,0.9166666666666667,0.8333333333333334
CRYGC,9,4,5,1.0,1.0,0.9,1.0,0.975
CSF1R,84,23,61,1.0,1.0,0.9942979330007127,0.9383464005702067,0.9262295081967213
CSNK2A1,31,20,11,0.9909090909090909,1.0,0.9772727272727273,0.9590909090909091,0.8909090909090909
CTCF,38,28,10,1.0,0.9964285714285714,0.9750000000000001,0.6232142857142857,0.9446428571428571
CTLA4,8,3,5,1.0,0.9333333333333333,1.0,0.9333333333333333,0.8666666666666667
CTNNB1,22,17,5,0.8941176470588236,0.9058823529411765,0.9529411764705882,0.9352941176470588,0.9529411764705882
CTNND1,15,4,11,0.9545454545454545,0.9545454545454545,0.9090909090909092,0.6590909090909091,0.8636363636363636
CTNS,21,12,9,0.9444444444444444,0.962962962962963,0.9351851851851851,0.9907407407407407,0.7777777777777778
CTR9,22,9,13,0.9230769230769231,0.9401709401709403,0.8717948717948717,0.7350427350427351,0.8376068376068375
CTSK,20,17,3,1.0,0.9803921568627452,1.0,1.0,1.0
CUBN,70,9,61,0.8779599271402551,0.9107468123861566,0.8743169398907104,0.8479052823315117,0.8041894353369763
CUL3,19,11,8,0.875,0.9545454545454546,0.9204545454545454,0.8863636363636364,0.8977272727272727
CWF19L1,11,3,8,0.9166666666666666,0.7916666666666666,0.8333333333333333,0.875,0.9166666666666666
CYBB,47,20,27,0.9518518518518518,0.9666666666666667,0.9370370370370371,0.912037037037037,0.8592592592592593
CYFIP2,21,3,18,0.7592592592592593,0.888888888888889,0.7222222222222223,0.6018518518518519,0.48148148148148145
CYP11A1,19,14,5,0.8857142857142858,0.8714285714285714,0.9142857142857143,0.9428571428571428,0.9571428571428572
CYP11B1,23,18,5,0.9555555555555555,0.9333333333333332,0.8555555555555555,0.9444444444444444,0.9777777777777777
CYP11B2,23,11,12,0.9545454545454546,0.9924242424242424,0.9090909090909091,0.9431818181818182,0.8863636363636364
CYP17A1,32,24,8,1.0,1.0,0.9947916666666666,1.0,1.0
CYP19A1,12,7,5,0.9714285714285715,1.0,0.8857142857142858,0.9714285714285715,0.9857142857142858
CYP1B1,20,16,4,1.0,1.0,0.90625,0.984375,0.9375
CYP24A1,16,6,10,1.0,1.0,0.9333333333333333,0.9500000000000001,0.8333333333333334
CYP27A1,24,19,5,0.8736842105263158,0.9263157894736842,0.9473684210526316,0.8105263157894737,0.8631578947368421
CYP27B1,22,19,3,0.9298245614035088,1.0,0.9649122807017545,0.9649122807017545,0.8947368421052632
CYP2U1,13,6,7,1.0,0.9285714285714286,1.0,1.0,0.9642857142857143
CYP4F22,39,22,17,0.9705882352941175,0.9705882352941176,0.8957219251336899,0.9010695187165776,0.9211229946524064
CYP4V2,23,20,3,1.0,1.0,1.0,0.9583333333333333,1.0
D2HGDH,12,4,8,1.0,0.8125,1.0,0.953125,0.9375
DARS2,14,8,6,0.9791666666666667,0.9791666666666667,0.9166666666666667,0.8541666666666666,0.9375
DCLRE1C,18,10,8,0.975,1.0,0.95,0.9625,0.925
DDB1,9,5,4,0.85,0.85,0.7,0.6000000000000001,0.5
DDX3X,70,65,5,0.9723076923076923,0.9876923076923076,0.8523076923076923,0.9476923076923078,0.8230769230769232
DDX6,9,6,3,1.0,1.0,1.0,1.0,0.9444444444444445
DEAF1,39,24,15,0.9861111111111112,0.9944444444444445,1.0,0.9777777777777777,0.875
DES,20,17,3,1.0,1.0,1.0,1.0,1.0
DGAT1,11,5,6,1.0,1.0,1.0,1.0,0.9833333333333334
DGKE,7,4,3,1.0,1.0,1.0,1.0,1.0
DHCR7,64,57,7,0.9949874686716793,1.0,0.9674185463659148,0.9899749373433584,0.9611528822055138
DHX16,12,5,7,0.8571428571428572,1.0,1.0,0.9428571428571428,1.0
DICER1,67,19,48,0.9890350877192983,0.9824561403508771,0.9791666666666666,0.9566885964912281,0.9166666666666666
DKC1,15,10,5,0.64,0.86,0.48,0.65,0.8800000000000001
DLD,8,4,4,1.0,1.0,1.0,0.875,0.96875
DLL4,22,6,16,1.0,0.9895833333333334,0.9895833333333334,0.96875,0.96875
DMRT1,7,3,4,0.8333333333333333,1.0,1.0,0.8333333333333334,0.75
DNAH11,1047,18,1029,0.8587625526401037,0.9270867076989525,0.9231184537306987,0.8821941475002699,0.8029910376849153
DNAH17,96,4,92,0.8858695652173914,0.9592391304347827,0.9456521739130435,0.9483695652173912,0.9021739130434783
DNAH2,63,4,59,0.8771186440677965,0.9364406779661016,0.923728813559322,0.8919491525423728,0.923728813559322
DNAH5,413,28,385,0.9085343228200371,0.9291280148423007,0.924582560296846,0.8631725417439704,0.7561224489795918
DNAH9,71,3,68,0.892156862745098,0.9656862745098039,0.9852941176470589,0.926470588235294,0.875
DNAI2,15,3,12,0.9722222222222222,1.0,0.7777777777777778,0.888888888888889,0.8055555555555556
DNM1,64,28,36,0.9007936507936508,0.9161706349206349,0.871031746031746,0.7336309523809523,0.591765873015873
DNM2,30,10,20,0.89,0.9149999999999999,0.87,0.72,0.72
DNMT3A,55,45,10,0.991111111111111,0.9866666666666667,0.9777777777777779,0.9844444444444446,0.98
DNMT3B,15,6,9,1.0,1.0,1.0,0.962962962962963,1.0
DOK7,15,4,11,0.9090909090909091,0.9772727272727273,0.9090909090909091,0.9090909090909091,0.9204545454545454
DONSON,17,5,12,0.9666666666666667,0.9666666666666667,0.95,0.9666666666666667,1.0
DPYD,11,7,4,1.0,0.9285714285714286,1.0,1.0,0.9821428571428572
DPYS,11,7,4,1.0,1.0,1.0,1.0,0.9642857142857143
DSP,126,13,113,0.8658951667801226,0.9189925119128659,0.8699795779441797,0.8485364193328796,0.7542545949625596
DUOX2,41,13,28,0.9203296703296703,0.885989010989011,0.9093406593406594,0.8887362637362637,0.820054945054945
DUOXA2,7,3,4,1.0,0.75,0.8333333333333333,1.0,0.9166666666666666
DYNC1H1,39,15,24,0.9361111111111111,0.9527777777777778,0.9361111111111111,0.9208333333333333,0.8875000000000001
DYNC2H1,63,43,20,0.9488372093023256,0.9093023255813952,0.9488372093023255,0.858139534883721,0.8441860465116279
EARS2,11,6,5,1.0,1.0,1.0,1.0,0.8666666666666667
EBF3,33,28,5,0.8,0.9642857142857143,0.7928571428571429,0.9142857142857143,0.4642857142857143
EBP,29,18,11,1.0,0.9898989898989898,1.0,0.9545454545454545,0.904040404040404
ECE1,10,3,7,1.0,0.8571428571428571,1.0,1.0,0.8571428571428572
ECEL1,23,10,13,0.8923076923076922,0.9076923076923078,0.9153846153846154,0.9384615384615385,0.8923076923076924
ECHS1,24,21,3,0.9682539682539684,0.6984126984126984,0.7777777777777779,0.9682539682539684,0.8571428571428572
EDA,79,58,21,0.8727422003284072,0.909688013136289,0.9293924466338259,0.7417898193760262,0.8530377668308703
EDAR,27,22,5,0.7545454545454545,0.9272727272727274,0.7545454545454546,0.6045454545454545,0.6909090909090909
EEF1A2,38,28,10,0.575,0.9535714285714286,0.6214285714285714,0.7035714285714286,0.6642857142857143
EFEMP1,6,3,3,0.888888888888889,1.0,0.888888888888889,1.0,1.0
EFEMP2,12,8,4,0.875,0.84375,0.6875,0.921875,0.828125
EFL1,17,3,14,0.880952380952381,0.9047619047619048,0.9761904761904763,0.9285714285714286,0.9285714285714285
EFTUD2,25,12,13,1.0,1.0,1.0,0.9358974358974359,0.9615384615384616
EGFR,48,12,36,0.9629629629629629,0.9791666666666667,0.9166666666666666,0.9930555555555556,0.9444444444444444
EGR2,14,11,3,1.0,1.0,1.0,1.0,1.0
EHMT1,324,8,316,0.9897151898734177,0.9944620253164557,0.992879746835443,0.9798259493670887,0.7215189873417721
EIF2AK3,12,3,9,1.0,1.0,1.0,1.0,1.0
EIF2B2,8,5,3,1.0,1.0,1.0,0.8666666666666667,0.8666666666666667
EIF2B3,10,7,3,1.0,1.0,0.9523809523809524,1.0,1.0
EIF2B5,34,28,6,0.9940476190476191,1.0,0.9880952380952381,0.9821428571428572,0.949404761904762
ELAC2,11,6,5,1.0,0.9666666666666668,0.9333333333333333,0.9333333333333333,0.8500000000000001
ELANE,58,41,17,0.9325681492109038,0.9354375896700143,0.9110473457675753,0.8543758967001435,0.8041606886657102
ENG,135,38,97,0.903418339663592,0.9338035811177428,0.9110146500271297,0.9304123711340205,0.9125067824199675
ENPP1,12,9,3,1.0,0.8518518518518519,1.0,1.0,1.0
EP300,160,8,152,0.9588815789473685,0.9449013157894738,0.9103618421052632,0.8108552631578948,0.7894736842105263
EPB41,6,3,3,0.7777777777777779,0.6666666666666667,0.7777777777777779,0.6666666666666667,0.8333333333333334
EPG5,41,4,37,0.7094594594594594,0.6689189189189189,0.7972972972972973,0.6722972972972973,0.668918918918919
EPHB4,85,11,74,0.9840294840294841,1.0,0.9557739557739557,0.9668304668304668,0.863022113022113
ERBB2,22,7,15,0.7428571428571429,0.819047619047619,0.8571428571428571,0.8142857142857143,0.7380952380952381
ERBB3,11,3,8,0.9583333333333334,1.0,1.0,1.0,0.9375
ERCC2,10,6,4,0.9583333333333334,1.0,0.8333333333333334,0.9166666666666667,0.9166666666666666
ERCC5,14,4,10,1.0,1.0,0.9750000000000001,1.0,1.0
ERLEC1,7,4,3,0.8333333333333334,0.8333333333333334,0.5833333333333333,0.8333333333333334,0.8333333333333334
ETFDH,72,69,3,0.9903381642512078,1.0,0.9855072463768116,0.9927536231884058,0.9903381642512078
ETHE1,11,8,3,1.0,1.0,0.9166666666666667,1.0,1.0
EXOSC3,10,7,3,1.0,1.0,1.0,0.9523809523809524,1.0
EXT1,38,26,12,0.9871794871794871,1.0,0.9967948717948718,0.9967948717948718,0.951923076923077
EYA1,23,8,15,0.875,0.8416666666666667,0.8583333333333334,0.7458333333333333,0.5
F10,16,11,5,0.8545454545454545,0.9454545454545455,0.890909090909091,0.9818181818181819,0.9818181818181818
F11,42,36,6,0.9490740740740741,0.9953703703703705,0.9166666666666666,0.9629629629629629,0.9490740740740742
F2,19,16,3,1.0,0.9375,1.0,0.9583333333333334,1.0
F5,34,12,22,0.9696969696969696,0.9696969696969697,0.981060606060606,0.9886363636363636,0.9204545454545454
F8,164,133,31,0.9774436090225563,0.9772010671840894,0.9861751152073732,0.9591317002182876,0.9289352413291292
F9,120,102,18,0.9471677559912853,0.9504357298474946,0.9030501089324618,0.9335511982570806,0.9163943355119826
FA2H,23,17,6,0.9411764705882353,0.9705882352941178,0.9607843137254902,0.9705882352941176,0.7745098039215688
FAH,15,12,3,1.0,0.9722222222222223,0.8333333333333334,1.0,0.6666666666666667
FAM111B,18,3,15,1.0,1.0,0.9777777777777777,0.9333333333333333,0.9555555555555556
FAM20C,24,9,15,1.0,1.0,1.0,0.9333333333333333,0.8111111111111111
FANCA,103,53,50,0.9611320754716982,0.9264150943396227,0.9656603773584905,0.9467924528301886,0.9449056603773586
FANCB,45,3,42,0.9920634920634921,1.0,1.0,0.9682539682539683,0.9523809523809523
FANCD2,11,4,7,1.0,1.0,1.0,1.0,0.9285714285714286
FANCG,21,9,12,0.962962962962963,0.962962962962963,0.962962962962963,0.9907407407407408,0.9444444444444445
FANCI,25,6,19,0.8859649122807018,0.8421052631578948,0.912280701754386,0.9210526315789473,0.8333333333333334
FARS2,26,18,8,0.9722222222222222,1.0,0.9513888888888888,0.9652777777777778,0.9027777777777778
FAT1,120,5,115,0.7130434782608696,0.6591304347826087,0.6817391304347826,0.6165217391304347,0.6634782608695652
FBN2,230,36,194,0.9630584192439863,0.945160366552119,0.9693585337915234,0.7447021764032073,0.8258161512027492
FBP1,11,8,3,1.0,1.0,1.0,1.0,1.0
FBXO11,82,33,49,0.8824984539270254,0.9338280766852196,0.9090909090909091,0.7294372294372294,0.8089053803339518
FBXW7,14,10,4,1.0,1.0,1.0,1.0,1.0
FGA,8,3,5,1.0,1.0,0.9333333333333333,0.8666666666666667,0.9
FGD1,41,8,33,0.928030303030303,0.9810606060606061,0.9166666666666666,0.9280303030303031,0.8560606060606061
FGFR2,16,11,5,1.0,1.0,1.0,0.9454545454545454,0.9
FGFR3,21,7,14,0.9489795918367346,0.9897959183673469,0.9693877551020409,1.0,0.8724489795918368
FH,111,106,5,0.9943396226415095,1.0,0.9924528301886792,0.9924528301886792,0.9867924528301887
FIG4,7,3,4,0.75,0.9166666666666666,0.75,0.8333333333333333,0.75
FKBP10,8,5,3,0.8666666666666667,0.7333333333333334,0.8666666666666667,0.6666666666666667,0.6666666666666667
FLCN,17,9,8,0.9722222222222222,1.0,0.9722222222222222,0.9583333333333333,1.0
FLNA,155,15,140,0.9504761904761905,0.949047619047619,0.9614285714285715,0.7576190476190476,0.7999999999999999
FLNB,74,14,60,0.9904761904761905,0.9642857142857142,0.9821428571428572,0.7464285714285713,0.6416666666666666
FLNC,48,5,43,0.9069767441860466,0.9162790697674419,0.8976744186046512,0.8186046511627907,0.7093023255813954
FLT3,17,4,13,1.0,1.0,1.0,0.9230769230769231,0.9615384615384616
FLT4,43,10,33,0.9818181818181817,0.996969696969697,0.9090909090909092,0.9833333333333333,0.896969696969697
FMO3,22,17,5,0.9764705882352942,1.0,0.9882352941176471,0.8823529411764706,0.8352941176470587
FN1,18,6,12,1.0,1.0,1.0,0.6805555555555555,0.9166666666666666
FOLR1,9,5,4,1.0,1.0,1.0,1.0,1.0
FOXC1,16,10,6,0.95,0.9,0.9166666666666667,0.9333333333333333,0.9833333333333334
FOXC2,8,4,4,0.75,0.625,0.875,0.6875,0.6875
FOXE3,15,9,6,0.9444444444444444,0.9814814814814815,0.9444444444444444,0.9166666666666667,0.9166666666666667
FOXF1,21,10,11,0.9818181818181817,0.9636363636363636,0.9818181818181817,0.9272727272727272,1.0
FOXG1,136,72,64,0.9839409722222222,0.9930555555555556,0.9861111111111112,0.9892578125,0.9393446180555556
FOXH1,10,6,4,0.9166666666666666,0.9166666666666667,0.8333333333333334,0.875,0.8125
FOXN1,16,5,11,0.9272727272727272,1.0,0.8545454545454545,0.8,0.8181818181818181
FOXP1,47,18,29,0.9655172413793104,0.9712643678160919,0.9616858237547893,0.9482758620689655,0.6494252873563218
FOXP3,36,13,23,0.8896321070234114,0.9297658862876255,0.9063545150501673,0.7458193979933111,0.862876254180602
FOXRED1,8,4,4,1.0,0.875,1.0,1.0,0.75
FSIP2,132,3,129,0.875968992248062,0.8087855297157622,0.8552971576227391,0.7377260981912144,0.8888888888888888
FUCA1,15,4,11,1.0,1.0,0.9772727272727273,1.0,0.9090909090909091
FZD2,13,3,10,1.0,1.0,1.0,1.0,0.9500000000000001
FZD4,15,10,5,0.9400000000000001,1.0,1.0,0.9400000000000001,0.92
G6PD,48,44,4,0.9715909090909091,0.8636363636363636,0.9829545454545454,0.9630681818181819,1.0
GAA,112,102,10,0.9833333333333334,0.9901960784313726,0.9833333333333333,0.9725490196078431,0.978921568627451
GABBR2,68,5,63,0.9015873015873016,0.8666666666666667,0.9142857142857144,0.7809523809523811,0.7047619047619048
GABRA1,45,31,14,0.8179723502304147,0.8640552995391704,0.8317972350230415,0.9239631336405529,0.75
GABRA2,15,8,7,0.9821428571428572,1.0,1.0,1.0,0.8928571428571429
GABRA5,11,5,6,0.8666666666666667,0.9666666666666667,0.8666666666666667,0.9333333333333333,0.9333333333333333
GABRB2,78,32,46,0.9585597826086958,0.9694293478260869,0.9782608695652174,0.9256114130434783,0.873641304347826
GABRB3,62,43,19,0.9853121175030599,0.9840881272949816,0.97796817625459,0.9577723378212974,0.8818849449204407
GABRG2,14,6,8,1.0,1.0,0.9375,1.0,0.9375
GAD1,6,3,3,1.0,0.888888888888889,0.888888888888889,1.0,0.7777777777777779
GALC,58,53,5,0.9320754716981132,0.9018867924528302,0.8490566037735849,0.8339622641509433,0.8509433962264151
GALK1,9,6,3,1.0,1.0,1.0,0.888888888888889,1.0
GALNS,46,42,4,0.9761904761904762,0.9583333333333333,0.9702380952380952,0.7619047619047619,0.8660714285714286
GALNT3,15,12,3,1.0,1.0,1.0,1.0,1.0
GAMT,13,8,5,0.925,0.925,1.0,0.95,0.8625
GATA1,28,5,23,0.9304347826086956,0.9739130434782608,0.9391304347826087,0.8434782608695652,0.8608695652173913
GATA2,42,33,9,0.9966329966329965,1.0,0.9932659932659932,0.9831649831649831,0.9882154882154882
GATA4,8,5,3,0.8,0.9333333333333333,0.8666666666666667,0.8,0.8333333333333334
GATAD2B,11,5,6,0.8333333333333334,0.8666666666666667,0.9,1.0,0.8166666666666667
GATM,8,4,4,1.0,1.0,1.0,0.9375,0.875
GBA2,12,4,8,1.0,1.0,0.96875,0.859375,1.0
GBE1,26,18,8,1.0,1.0,0.9652777777777778,0.8819444444444444,0.9305555555555556
GCDH,106,101,5,0.8574257425742574,0.9188118811881189,0.7980198019801981,0.9346534653465346,0.8841584158415842
GCM2,12,5,7,0.8857142857142857,0.8,0.8,0.8142857142857143,0.8142857142857143
GCNT2,9,5,4,0.9,0.85,0.75,0.8,0.75
GFAP,36,26,10,0.9192307692307692,0.9653846153846154,0.8730769230769231,0.8653846153846154,0.9596153846153846
GFER,6,3,3,1.0,1.0,1.0,1.0,1.0
GFI1B,16,4,12,1.0,1.0,1.0,1.0,1.0
GFM1,10,3,7,1.0,1.0,0.8095238095238095,1.0,1.0
GGCX,15,9,6,1.0,1.0,1.0,0.962962962962963,1.0
GH1,10,6,4,0.6666666666666666,0.7083333333333334,0.6666666666666667,0.625,0.8958333333333333
GHRHR,16,9,7,1.0,1.0,1.0,1.0,0.9841269841269842
GJA3,14,6,8,1.0,1.0,1.0,1.0,1.0
GJA8,32,18,14,0.996031746031746,0.996031746031746,0.9841269841269842,0.9801587301587301,0.9623015873015873
GJC2,14,10,4,0.775,0.925,0.8,0.85,0.8625
GLA,152,149,3,0.9776286353467563,0.9910514541387025,0.9910514541387024,0.9653243847874721,0.936241610738255
GLDC,131,114,17,0.9638802889576883,0.9772961816305469,0.9447884416924663,0.9321465428276573,0.9086687306501549
GLDN,20,8,12,0.9791666666666666,0.9895833333333333,0.9895833333333333,0.7291666666666666,0.7552083333333333
GLE1,9,3,6,1.0,0.9444444444444444,0.888888888888889,1.0,0.9722222222222222
GLRA1,25,21,4,1.0,0.9880952380952381,0.9285714285714286,0.8928571428571428,0.625
GLS,10,3,7,0.9523809523809524,0.8571428571428571,0.9523809523809524,0.7619047619047619,0.9285714285714286
GLUD1,13,4,9,0.8611111111111112,0.8611111111111112,0.7777777777777779,0.7500000000000001,0.8611111111111112
GNAI1,16,11,5,1.0,1.0,1.0,0.9818181818181819,0.8454545454545455
GNAO1,60,45,15,0.9851851851851852,0.9985185185185186,0.9288888888888889,0.9288888888888889,0.9037037037037037
GNB1,34,22,12,0.946969696969697,0.9848484848484849,0.928030303030303,0.9185606060606061,0.8352272727272727
GNB2,11,8,3,1.0,1.0,1.0,0.9166666666666667,1.0
GNB4,13,4,9,1.0,0.9722222222222222,0.8333333333333334,0.9166666666666666,1.0
GNPTAB,24,11,13,0.916083916083916,0.965034965034965,0.8811188811188811,0.8811188811188811,0.9020979020979021
GP1BA,29,16,13,0.9903846153846154,0.9807692307692308,0.9375,0.9807692307692308,0.9663461538461539
GP1BB,12,9,3,1.0,0.8518518518518519,0.7777777777777778,0.6111111111111112,1.0
GP9,11,5,6,1.0,1.0,0.9666666666666667,1.0,0.9166666666666667
GPC3,34,3,31,0.8709677419354839,0.8817204301075269,0.9354838709677419,0.8279569892473118,0.8548387096774194
GPD1,9,3,6,0.9444444444444444,1.0,1.0,1.0,0.8333333333333334
GPR143,12,4,8,0.875,0.90625,0.96875,1.0,0.8125
GPT2,9,3,6,1.0,1.0,1.0,1.0,0.8333333333333334
GREB1L,38,14,24,0.7232142857142857,0.7202380952380952,0.6726190476190477,0.6979166666666666,0.6339285714285714
GRHPR,22,17,5,0.9176470588235294,0.9411764705882353,0.8941176470588236,0.776470588235294,0.7647058823529411
GRIA2,14,6,8,1.0,1.0,0.9583333333333334,0.9166666666666666,0.875
GRIA3,16,8,8,0.984375,1.0,1.0,0.96875,0.8125
GRIA4,8,3,5,0.6666666666666666,0.6666666666666666,0.7333333333333333,0.5333333333333333,0.8
GRIK2,9,3,6,1.0,0.9444444444444444,0.9444444444444444,1.0,0.8333333333333334
GRIN2A,240,77,163,0.9520356943669828,0.9697235280057366,0.9607202613337582,0.7837622500199187,0.8455501553661062
GRIN2B,216,104,112,0.9156936813186813,0.9872510302197802,0.9782795329670331,0.9237637362637363,0.8211280906593406
GRIN2D,27,9,18,0.9074074074074074,0.9753086419753086,0.9444444444444444,0.8734567901234568,0.7993827160493827
GRK1,13,9,4,1.0,0.9722222222222222,0.8888888888888888,0.8888888888888888,0.8611111111111112
GRM6,26,3,23,0.9855072463768116,1.0,0.9565217391304348,0.7971014492753623,0.782608695652174
GUCA1A,12,9,3,0.6296296296296297,0.9259259259259259,0.8518518518518519,0.7407407407407408,0.40740740740740744
GUCY2C,11,4,7,0.8214285714285714,0.9642857142857143,0.9642857142857143,0.8928571428571428,0.875
GUCY2D,63,49,14,0.9810495626822157,0.9810495626822158,0.9387755102040816,0.9635568513119533,0.9424198250728864
GUSB,14,9,5,1.0,1.0,1.0,1.0,1.0
GYS2,19,3,16,1.0,0.9375,0.9166666666666666,0.8645833333333333,0.9375
HAAO,8,3,5,1.0,1.0,1.0,1.0,1.0
HADHA,18,12,6,1.0,1.0,1.0,1.0,0.9791666666666667
HCFC1,94,5,89,0.8966292134831461,0.950561797752809,0.8471910112359551,0.8314606741573034,0.8539325842696629
HCN1,68,17,51,0.9665513264129181,0.9561707035755478,0.9469434832756631,0.7923875432525952,0.9117647058823529
HCN4,32,12,20,1.0,1.0,0.9916666666666667,0.5041666666666667,0.86875
HDAC8,44,27,17,0.9912854030501089,1.0,0.9803921568627451,0.9956427015250544,0.9466230936819171
HFM1,21,4,17,1.0,1.0,0.9117647058823529,0.9558823529411764,0.8455882352941176
HGD,42,36,6,0.9444444444444444,0.9490740740740742,0.9907407407407407,0.9675925925925926,0.9189814814814814
HIBCH,21,15,6,0.7000000000000001,0.7,0.6777777777777778,0.7777777777777779,0.7777777777777778
HIVEP2,263,3,260,0.8256410256410256,0.7756410256410257,0.8935897435897435,0.8288461538461538,0.9019230769230769
HMBS,15,11,4,1.0,1.0,1.0,0.8409090909090909,0.9431818181818181
HMGCL,8,5,3,1.0,1.0,1.0,1.0,1.0
HMGCR,6,3,3,1.0,0.888888888888889,0.888888888888889,0.888888888888889,0.8333333333333334
HNF1B,19,15,4,0.8333333333333334,0.85,0.8666666666666667,0.7916666666666666,0.7916666666666667
HNRNPA1,25,17,8,0.8235294117647058,0.7132352941176471,0.6029411764705882,0.3970588235294118,0.7647058823529411
HNRNPK,18,13,5,0.9230769230769231,0.9846153846153847,0.9384615384615385,0.8153846153846155,0.7
HNRNPU,82,4,78,0.9358974358974359,0.9967948717948718,0.8878205128205128,0.7419871794871795,0.8333333333333333
HOGA1,42,37,5,1.0,1.0,0.9567567567567568,0.9945945945945946,0.9945945945945946
HPDL,17,12,5,1.0,0.9833333333333334,0.9833333333333334,1.0,0.9333333333333333
HPS1,17,6,11,0.9393939393939394,0.9696969696969696,0.9696969696969696,0.9848484848484849,0.9545454545454546
HPS5,16,3,13,1.0,1.0,0.9743589743589745,0.8846153846153846,0.8846153846153846
HPS6,11,3,8,0.7916666666666666,0.9166666666666666,1.0,0.9166666666666666,0.8333333333333333
HSD17B10,13,8,5,1.0,1.0,1.0,0.975,0.9500000000000001
HSD17B3,13,9,4,0.8333333333333334,0.8888888888888888,0.6944444444444444,0.9166666666666666,0.7916666666666666
HSD3B2,10,5,5,1.0,1.0,1.0,0.9199999999999999,0.8400000000000001
HSPB1,13,10,3,0.9666666666666668,1.0,0.7666666666666667,1.0,1.0
HSPG2,74,6,68,0.75,0.7169117647058822,0.8063725490196079,0.7659313725490196,0.7401960784313725
HTRA1,16,13,3,1.0,1.0,1.0,1.0,1.0
HUWE1,113,28,85,0.9315126050420168,0.9411764705882353,0.9025210084033614,0.690546218487395,0.7796218487394958
HYAL2,12,8,4,1.0,1.0,1.0,1.0,1.0
IBA57,14,9,5,0.9777777777777779,0.7555555555555555,0.9333333333333333,0.9777777777777779,1.0
IDH2,7,3,4,0.75,0.9166666666666666,0.9166666666666666,0.75,0.9583333333333333
IDS,113,67,46,0.9587929915639196,0.9678780012978586,0.9211550940947437,0.932673588578845,0.8888708630759247
IDUA,55,42,13,0.9139194139194139,0.9267399267399268,0.8937728937728938,0.8507326007326007,0.9322344322344323
IFIH1,113,26,87,0.7197170645446508,0.6870026525198939,0.7130857648099026,0.6613616268788682,0.5957117595048629
IFT140,40,5,35,0.9028571428571429,0.9657142857142857,0.9428571428571428,0.8685714285714285,0.8628571428571429
IFT172,18,3,15,0.9777777777777777,0.9111111111111112,0.9333333333333333,0.9777777777777777,0.888888888888889
IFT80,10,4,6,0.9583333333333334,0.9583333333333334,1.0,0.875,0.9166666666666667
IGF1R,18,11,7,0.9870129870129871,1.0,1.0,0.961038961038961,0.9155844155844155
IGHMBP2,33,19,14,0.9849624060150376,0.9849624060150375,0.9962406015037595,0.9454887218045113,0.8590225563909775
IHH,13,10,3,0.8,0.9333333333333333,0.9,1.0,0.8166666666666668
IL10RA,12,4,8,0.90625,1.0,0.96875,1.0,0.84375
IL12RB1,25,6,19,0.894736842105263,0.9649122807017544,0.9385964912280701,0.8684210526315789,0.9912280701754386
IL2RG,44,22,22,0.9855371900826446,0.9793388429752066,0.9772727272727273,0.9514462809917356,0.9473140495867768
IL7R,17,5,12,0.8666666666666667,0.9000000000000001,0.8833333333333333,0.9,0.9416666666666668
IMPG2,8,4,4,1.0,1.0,1.0,1.0,1.0
INF2,148,22,126,0.990981240981241,0.9917027417027416,0.9974747474747475,0.9926046176046175,0.9285714285714286
INSR,22,9,13,0.9145299145299145,0.9230769230769231,0.829059829059829,0.7863247863247863,0.8076923076923077
IQSEC2,94,13,81,0.9534662867996201,0.9686609686609686,0.8898385565052233,0.8675213675213675,0.7464387464387464
IRF2BPL,30,9,21,0.9312169312169312,1.0,0.9153439153439153,0.9523809523809523,0.9708994708994708
IRF6,33,25,8,0.975,0.99,1.0,1.0,0.99
ITGA2B,52,45,7,0.9428571428571427,0.9587301587301587,0.9714285714285714,0.7587301587301588,0.8063492063492063
ITGB3,45,39,6,0.8632478632478632,0.9572649572649573,0.9658119658119659,0.841880341880342,0.8055555555555556
ITGB4,48,8,40,0.94375,0.9875,0.9593749999999999,0.8578125000000001,0.85625
JAG1,21,4,17,0.9852941176470588,0.9705882352941176,0.9558823529411764,0.963235294117647,0.8235294117647058
JAK1,11,3,8,0.9583333333333334,1.0,1.0,1.0,0.9791666666666666
JAK3,34,15,19,0.9157894736842106,0.9543859649122808,0.775438596491228,0.9157894736842105,0.9421052631578947
KCNA2,39,27,12,0.9722222222222223,1.0,0.9660493827160495,0.9429012345679012,0.8256172839506173
KCNA3,10,4,6,0.7916666666666666,0.75,1.0,0.9583333333333334,0.75
KCNB1,169,63,106,0.9872716382150345,0.9961066187481281,0.9860736747529201,0.9733453129679545,0.9332884097035039
KCNC1,12,8,4,0.875,0.96875,0.96875,0.875,0.90625
KCNC2,8,4,4,0.875,1.0,1.0,0.8125,0.9375
KCNC3,21,6,15,0.8444444444444444,0.8333333333333333,0.7,0.8,0.7222222222222222
KCND2,14,5,9,1.0,1.0,1.0,0.9555555555555556,0.9
KCND3,21,14,7,1.0,1.0,1.0,0.989795918367347,1.0
KCNH1,74,14,60,0.9119047619047619,0.9273809523809523,0.9464285714285715,0.8982142857142857,0.8416666666666667
KCNJ5,8,3,5,1.0,1.0,1.0,1.0,1.0
KCNK4,49,3,46,0.8623188405797102,0.8623188405797102,0.8623188405797102,0.8913043478260869,0.8478260869565217
KCNMA1,19,12,7,1.0,1.0,1.0,0.9523809523809523,0.5357142857142857
KCNQ1,97,88,9,0.9873737373737372,0.994949494949495,0.9886363636363635,0.9772727272727273,0.9816919191919193
KCNQ2,266,255,11,0.9875222816399287,0.9807486631016042,0.9985739750445632,0.9247771836007129,0.8156862745098039
KCNQ3,43,27,16,0.9907407407407407,0.9953703703703703,0.9976851851851852,0.8819444444444444,0.962962962962963
KCNQ4,29,18,11,0.9898989898989898,0.9898989898989898,0.9898989898989898,0.9595959595959597,0.9242424242424242
KCNQ5,25,6,19,0.8421052631578948,0.8947368421052632,0.9649122807017544,0.9561403508771931,0.7105263157894737
KCNT2,20,4,16,1.0,1.0,0.953125,0.90625,0.765625
KCNV2,33,14,19,0.9661654135338346,0.9924812030075187,0.9172932330827068,0.943609022556391,0.8834586466165414
KDM3B,43,4,39,1.0,1.0,1.0,0.8269230769230769,0.9615384615384616
KDM5C,16,8,8,0.984375,1.0,0.90625,1.0,0.9921875
KDM6A,13,6,7,0.8333333333333333,0.8809523809523809,0.9761904761904763,0.6666666666666666,0.7142857142857143
KDM6B,96,5,91,0.9538461538461538,0.964835164835165,0.8505494505494505,0.8395604395604395,0.9065934065934065
KERA,9,5,4,1.0,1.0,1.0,1.0,1.0
KIF11,61,5,56,0.9571428571428571,0.9857142857142858,0.9928571428571428,0.9375,0.9375
KIF1C,24,5,19,0.968421052631579,1.0,0.8736842105263158,0.8421052631578948,0.868421052631579
KIF22,44,4,40,0.8500000000000001,0.8999999999999999,0.84375,0.88125,0.7875
KIF2A,22,4,18,0.7777777777777778,0.8194444444444444,0.7777777777777778,0.763888888888889,0.6944444444444444
KIF5A,83,21,62,0.9700460829493087,0.945468509984639,0.965437788018433,0.9592933947772657,0.814516129032258
KIT,26,15,11,0.9939393939393939,1.0,0.9575757575757575,1.0,0.9515151515151515
KMT2A,60,29,31,0.9632925472747498,0.9888765294771968,0.9566184649610678,0.7675194660734149,0.7703003337041157
KMT2B,348,15,333,0.9467467467467467,0.9997997997997997,0.9635635635635635,0.8646646646646646,0.9264264264264265
KMT2C,430,15,415,0.7604819277108433,0.8397590361445784,0.877429718875502,0.8067469879518072,0.7356626506024097
KMT2D,1124,76,1048,0.9012530132583365,0.9242793290478103,0.9164071916432303,0.4852852551225392,0.706069204499799
KMT2E,93,4,89,0.8679775280898876,0.9185393258426966,0.9157303370786517,0.7598314606741573,0.6334269662921348
KRIT1,15,7,8,0.6964285714285714,0.7678571428571429,0.8571428571428571,0.75,0.7410714285714286
KRT1,27,16,11,0.9545454545454545,0.9488636363636364,0.9375,0.9715909090909091,0.8863636363636364
KRT10,24,5,19,1.0,1.0,1.0,1.0,0.8947368421052632
KRT12,21,10,11,0.9090909090909091,0.8818181818181818,0.9181818181818181,0.7,0.8636363636363636
KRT14,21,13,8,0.9903846153846154,1.0,0.9711538461538461,0.9807692307692307,0.9711538461538461
KRT16,29,6,23,0.9927536231884059,1.0,1.0,0.9528985507246377,0.9384057971014492
KRT5,34,17,17,0.9204152249134948,0.944636678200692,0.8927335640138409,0.9480968858131489,0.9273356401384083
KRT6A,27,5,22,0.9090909090909091,0.9454545454545454,1.0,0.9545454545454545,0.9090909090909091
KRT6B,23,3,20,1.0,1.0,0.9666666666666667,1.0,0.8666666666666667
KRT9,9,3,6,1.0,0.888888888888889,1.0,1.0,0.888888888888889
KYNU,11,7,4,1.0,1.0,0.9642857142857143,0.8571428571428571,0.8035714285714286
L1CAM,151,12,139,0.9670263788968825,0.9544364508393286,0.9886091127098322,0.8905875299760191,0.886990407673861
L2HGDH,9,6,3,1.0,1.0,1.0,0.9444444444444445,0.8055555555555556
LAMA2,87,15,72,0.8657407407407407,0.9222222222222223,0.8935185185185185,0.8486111111111111,0.837962962962963
LAMA5,162,6,156,0.6965811965811965,0.6217948717948718,0.6741452991452992,0.9300213675213675,0.5849358974358975
LAMB3,29,4,25,1.0,1.0,1.0,1.0,0.935
LAMP2,15,3,12,0.7222222222222221,0.4722222222222222,0.1388888888888889,0.4444444444444444,0.6666666666666666
LARS2,25,18,7,0.873015873015873,0.9682539682539683,0.9365079365079365,0.8809523809523809,0.7857142857142857
LBR,14,5,9,1.0,1.0,1.0,1.0,0.9111111111111111
LCAT,11,5,6,0.9,1.0,0.9,0.7666666666666667,0.9666666666666667
LDLR,511,476,35,0.9758703481392558,0.9656362545018008,0.9451980792316927,0.950360144057623,0.96593637454982
LGI4,12,4,8,0.875,0.90625,0.875,0.90625,0.875
LHCGR,14,8,6,0.9166666666666667,0.875,1.0,0.7499999999999999,0.9791666666666667
LIFR,10,4,6,0.8333333333333334,0.9166666666666667,0.8333333333333334,0.9166666666666667,0.7916666666666667
LIG4,17,12,5,1.0,1.0,1.0,1.0,1.0
LIPA,40,33,7,0.9740259740259741,0.9956709956709957,0.9740259740259741,0.9523809523809524,0.9199134199134199
LITAF,8,3,5,1.0,0.8666666666666667,0.6666666666666666,0.8666666666666667,0.9666666666666667
LMBRD2,11,3,8,1.0,0.9583333333333334,1.0,1.0,0.9791666666666666
LMOD3,15,4,11,0.8181818181818181,0.8636363636363635,0.7954545454545455,0.6818181818181818,0.8181818181818181
LONP1,97,3,94,0.8936170212765957,0.8936170212765958,0.8617021276595744,0.9042553191489362,0.7801418439716311
LPL,26,23,3,1.0,0.9710144927536232,1.0,1.0,1.0
LRP1B,53,4,49,0.41836734693877553,0.5612244897959184,0.42346938775510207,0.4413265306122449,0.5510204081632654
LRP4,15,6,9,0.6851851851851851,0.9814814814814814,0.9444444444444445,0.6296296296296297,0.5925925925925926
LRP5,48,38,10,0.9578947368421054,0.9552631578947368,0.9789473684210527,0.9315789473684211,0.8723684210526316
LRP6,21,6,15,0.9,0.9222222222222223,0.8555555555555555,0.9222222222222223,0.8777777777777778
LRPPRC,31,3,28,0.9285714285714285,0.9761904761904763,0.9761904761904763,0.8928571428571428,0.9464285714285714
LRSAM1,12,3,9,1.0,1.0,1.0,0.962962962962963,1.0
LSS,29,13,16,0.9855769230769231,1.0,0.9711538461538461,0.9375,0.9519230769230769
LYST,29,4,25,0.88,0.9500000000000001,0.91,0.9299999999999999,0.88
LZTR1,21,14,7,1.0,1.0,0.8673469387755103,0.9387755102040817,0.8979591836734694
MAF,24,13,11,0.972027972027972,1.0,0.958041958041958,0.8321678321678321,1.0
MAFB,13,5,8,1.0,0.975,0.925,1.0,1.0
MAN1B1,19,4,15,1.0,1.0,1.0,0.9833333333333334,0.9500000000000001
MAN2B1,18,4,14,0.9642857142857143,0.9821428571428572,1.0,0.9821428571428572,0.8928571428571428
MAP2K1,42,38,4,0.5789473684210527,0.6776315789473684,0.618421052631579,0.5855263157894737,0.6907894736842105
MAP2K2,26,15,11,0.8545454545454545,0.8454545454545455,0.8242424242424242,0.8333333333333333,0.7363636363636364
MAP3K1,37,6,31,0.8763440860215054,0.9462365591397849,0.9032258064516129,0.8440860215053764,0.8924731182795699
MAP3K7,17,9,8,0.9861111111111112,0.9722222222222222,0.9166666666666667,0.9722222222222222,0.9375
MAPK7,6,3,3,0.6666666666666667,1.0,0.7777777777777779,0.5555555555555556,0.6666666666666667
MBTPS1,16,4,12,1.0,1.0,1.0,1.0,0.9583333333333333
MBTPS2,18,4,14,1.0,1.0,0.9642857142857143,0.9107142857142857,0.8839285714285714
MC2R,13,8,5,1.0,0.9750000000000001,1.0,1.0,0.8875000000000001
MCCC1,20,7,13,0.9450549450549451,0.9780219780219781,0.967032967032967,0.9230769230769231,0.9230769230769231
MCM3AP,21,3,18,0.9814814814814814,0.9814814814814814,0.9814814814814814,0.9074074074074074,0.9722222222222222
MCPH1,26,7,19,1.0,0.962406015037594,0.9548872180451127,1.0,0.9586466165413534
MED12,112,32,80,0.97109375,0.95859375,0.95078125,0.8541015625,0.8310546874999999
MED13,85,3,82,0.910569105691057,0.9471544715447155,0.9634146341463414,0.8109756097560975,0.8414634146341463
MED13L,198,23,175,0.9470807453416149,0.9398757763975155,0.91527950310559,0.6518012422360249,0.8704347826086957
MEFV,8,4,4,0.625,0.625,0.8125,0.4375,0.59375
MEIS2,18,8,10,1.0,1.0,1.0,0.9625000000000001,0.58125
MERTK,24,13,11,1.0,1.0,0.979020979020979,0.9895104895104895,0.9545454545454546
MFN2,94,90,4,1.0,0.9861111111111112,0.9888888888888889,1.0,0.9944444444444445
MFRP,7,3,4,1.0,1.0,1.0,1.0,1.0
MFSD8,10,7,3,1.0,1.0,1.0,1.0,0.8095238095238095
MID1,22,5,17,0.9294117647058824,1.0,0.8588235294117647,0.9411764705882353,0.8352941176470589
MITF,13,8,5,1.0,1.0,1.0,0.9750000000000001,0.9
MKRN3,9,3,6,1.0,1.0,1.0,1.0,1.0
MKS1,7,4,3,0.4166666666666667,0.5833333333333334,0.5,0.08333333333333334,0.33333333333333337
MLH1,113,99,14,0.9747474747474747,0.976911976911977,0.9494949494949495,0.9668109668109668,0.9678932178932179
MMAB,18,15,3,0.7777777777777778,0.8666666666666667,0.9555555555555556,0.8666666666666667,0.6333333333333333
MMACHC,23,19,4,0.9210526315789473,0.9605263157894737,0.9473684210526315,0.8486842105263157,0.8157894736842105
MME,11,4,7,0.8928571428571428,1.0,1.0,0.8928571428571429,0.9285714285714286
MNX1,9,4,5,1.0,1.0,1.0,1.0,0.75
MOGS,15,3,12,0.9166666666666666,1.0,1.0,1.0,0.9722222222222222
MORC2,22,10,12,0.9666666666666667,1.0,0.9916666666666666,0.7750000000000001,0.9916666666666666
MPI,10,5,5,0.9600000000000001,1.0,1.0,0.88,1.0
MPL,19,11,8,0.9545454545454546,1.0,0.8977272727272727,0.9659090909090908,0.9886363636363636
MPO,11,3,8,1.0,1.0,1.0,1.0,1.0
MSH2,300,98,202,0.9257930895130329,0.8980854718124873,0.9042230753687613,0.9031117397454032,0.857521721559911
MSTO1,17,3,14,0.8571428571428572,0.8333333333333333,0.8809523809523809,0.738095238095238,0.6190476190476191
MTFMT,15,3,12,0.8333333333333333,0.6944444444444444,0.6944444444444444,0.6388888888888888,0.6388888888888888
MTM1,49,29,20,0.9879310344827585,0.9948275862068965,0.996551724137931,0.9810344827586207,0.9215517241379311
MTMR2,8,3,5,0.9333333333333333,1.0,1.0,1.0,0.9
MTOR,243,27,216,0.907235939643347,0.919753086419753,0.9331275720164609,0.8939471879286693,0.8102709190672153
MTR,19,5,14,1.0,1.0,0.9857142857142858,1.0,0.9571428571428572
MUSK,13,5,8,1.0,0.675,1.0,1.0,0.9
MYBPC3,8,3,5,0.8666666666666667,0.8,0.9333333333333333,1.0,0.8
MYCN,16,7,9,1.0,1.0,0.9841269841269841,0.9603174603174603,0.9206349206349207
MYH3,41,21,20,0.9071428571428571,0.9500000000000001,0.9595238095238096,0.7821428571428571,0.625
MYH6,25,3,22,0.9090909090909091,0.8787878787878788,0.803030303030303,0.696969696969697,0.5984848484848485
MYH7,233,220,13,0.9087412587412588,0.9159090909090909,0.8185314685314685,0.7805944055944055,0.7928321678321678
MYH9,118,20,98,0.9122448979591837,0.9627551020408163,0.8596938775510203,0.8926020408163265,0.7448979591836734
MYO15A,138,76,62,0.9441850594227504,0.9174448217317487,0.8870967741935484,0.6613964346349744,0.874151103565365
MYO5B,34,3,31,0.956989247311828,0.935483870967742,0.8602150537634409,0.9354838709677419,0.8548387096774193
MYO7A,122,96,26,0.9887820512820513,0.9767628205128205,0.9807692307692307,0.9032451923076923,0.8423477564102564
MYOC,17,8,9,1.0,1.0,1.0,1.0,0.9375000000000001
MYRF,25,10,15,0.9533333333333334,0.9866666666666667,0.9533333333333334,0.9066666666666667,0.9366666666666666
MYT1L,40,19,21,0.9398496240601504,0.9548872180451128,0.9097744360902256,0.9022556390977443,0.6428571428571428
NAA10,26,21,5,0.9809523809523809,0.819047619047619,0.8571428571428571,0.8333333333333333,0.8333333333333333
NAA15,11,6,5,0.7666666666666666,0.9666666666666668,0.8666666666666667,0.8333333333333333,0.95
NADSYN1,8,3,5,1.0,1.0,1.0,0.9333333333333333,0.9
NAGLU,56,41,15,0.9463414634146342,0.9495934959349593,0.9024390243902439,0.8666666666666667,0.9739837398373984
NAGS,9,4,5,0.9500000000000001,0.9,0.9500000000000001,0.85,0.875
NALCN,47,41,6,0.8455284552845529,0.8353658536585367,0.8373983739837398,0.7947154471544716,0.8678861788617886
NARS2,14,7,7,0.979591836734694,0.9387755102040816,0.8979591836734693,0.8163265306122449,1.0
NBEA,64,4,60,0.8083333333333333,0.8666666666666667,0.7374999999999999,0.6416666666666667,0.6666666666666666
NBEAL2,35,8,27,0.9722222222222222,0.9953703703703705,0.9907407407407407,0.9699074074074074,0.8888888888888888
NCDN,8,5,3,0.9333333333333333,1.0,0.8666666666666667,0.9333333333333333,0.8666666666666667
NCKAP1L,10,3,7,0.47619047619047616,0.5714285714285714,0.6190476190476191,0.47619047619047616,0.6904761904761905
NDUFAF5,15,10,5,1.0,0.9800000000000001,1.0,0.96,0.8400000000000001
NDUFAF6,10,3,7,1.0,1.0,1.0,1.0,1.0
NDUFV1,19,14,5,1.0,1.0,0.9857142857142858,1.0,1.0
NECTIN4,8,4,4,0.9375,1.0,1.0,0.5625,1.0
NEFL,8,4,4,0.9375,0.9375,1.0,0.9375,0.84375
NEK9,14,4,10,0.9500000000000001,0.9750000000000001,0.7500000000000001,0.8125,0.9875
NEU1,40,28,12,0.9345238095238095,0.961309523809524,0.9166666666666667,0.9404761904761905,0.8883928571428572
NEUROD2,6,3,3,0.888888888888889,0.6666666666666666,1.0,1.0,1.0
NF1,401,325,76,0.950161943319838,0.9491093117408906,0.9519433198380567,0.9307894736842106,0.7775303643724697
NFIX,24,20,4,0.9624999999999999,0.95,0.9624999999999999,0.61875,0.7375
NFKBIA,20,4,16,0.84375,0.921875,0.5,0.765625,0.90625
NHLRC2,11,3,8,1.0,1.0,0.875,1.0,0.9791666666666666
NIPBL,123,58,65,0.9724137931034482,0.9612732095490716,0.9570291777188329,0.9396551724137931,0.8438992042440319
NKX2-5,21,12,9,0.9907407407407407,0.9351851851851851,0.9074074074074074,0.9074074074074073,0.9814814814814815
NLGN3,9,5,4,0.95,1.0,0.9,1.0,0.875
NLRC4,18,7,11,0.8571428571428572,0.8701298701298701,0.8831168831168831,0.8831168831168831,0.8636363636363636
NLRP2,52,3,49,0.6938775510204082,0.8299319727891156,0.7482993197278911,0.6496598639455782,0.7244897959183674
NLRP7,19,4,15,0.5,0.6166666666666667,0.41666666666666663,0.6583333333333333,0.5166666666666667
NNT,17,4,13,1.0,1.0,0.9615384615384616,0.9230769230769231,0.9615384615384616
NOG,9,5,4,0.85,1.0,0.9,0.8,0.825
NOTCH1,266,19,247,0.9695290858725761,0.9622842531429788,0.9780524184956318,0.8554229703814191,0.8272959727253356
NOTCH2,55,7,48,0.8898809523809523,0.7886904761904762,0.8720238095238095,0.6309523809523809,0.7083333333333334
NOTCH3,211,133,78,0.9699248120300751,0.9713707345286293,0.9724310776942356,0.8919895893580104,0.8468768074031232
NPC1,81,70,11,0.9103896103896103,0.9506493506493506,0.8961038961038961,0.9233766233766234,0.9129870129870129
NPHP3,10,5,5,0.68,0.6799999999999999,0.64,0.68,0.8
NPHS1,62,32,30,0.9687500000000001,0.9322916666666667,0.934375,0.9614583333333333,0.90625
NPR2,24,21,3,0.746031746031746,0.9523809523809523,0.9682539682539684,0.8571428571428572,0.5476190476190477
NR0B1,30,11,19,1.0,1.0,1.0,0.9688995215311006,0.937799043062201
NR2E3,18,14,4,0.8214285714285714,0.9464285714285714,0.9107142857142857,0.9107142857142857,0.7767857142857143
NR2F1,39,33,6,0.9848484848484849,0.9848484848484849,0.9646464646464646,0.9747474747474747,0.8686868686868687
NR4A2,20,10,10,0.85,0.92,0.95,0.86,0.84
NSD1,354,117,237,0.980561866637816,0.9836092177864328,0.982978109560388,0.9600778967867576,0.9037289480327455
NSD2,58,5,53,0.969811320754717,0.8943396226415095,0.9320754716981132,0.9339622641509434,0.8849056603773584
NSDHL,30,4,26,0.9807692307692308,1.0,0.9519230769230769,0.9182692307692308,0.923076923076923
NSUN2,11,3,8,0.875,0.875,0.875,0.9166666666666666,0.875
NTRK1,33,16,17,0.9779411764705882,0.9411764705882353,0.900735294117647,0.7702205882352942,0.801470588235294
NUP93,14,3,11,0.9393939393939393,0.8181818181818182,0.9393939393939393,0.7878787878787878,0.8181818181818181
OAT,15,10,5,1.0,1.0,1.0,1.0,1.0
OCA2,73,56,17,0.9821428571428571,0.9653361344537814,0.9611344537815125,0.9474789915966387,0.9511554621848739
OFD1,47,8,39,0.9134615384615385,0.8846153846153847,0.8878205128205129,0.8926282051282052,0.8910256410256411
OPHN1,22,8,14,0.8214285714285714,0.9196428571428572,0.8571428571428571,0.8392857142857143,0.75
ORAI1,11,7,4,1.0,1.0,1.0,1.0,1.0
ORC1,12,3,9,0.8148148148148149,1.0,0.9629629629629629,0.962962962962963,0.9074074074074074
OTC,147,141,6,0.8664302600472812,0.9408983451536643,0.8888888888888888,0.8871158392434988,0.8469267139479906
OTOF,101,27,74,0.9219219219219219,0.9436936936936937,0.95995995995996,0.8663663663663663,0.7432432432432432
OXCT1,7,4,3,1.0,1.0,0.8333333333333334,1.0,0.9166666666666667
PADI3,14,5,9,0.9333333333333333,0.8666666666666667,1.0,0.8222222222222222,0.9444444444444444
PADI6,13,5,8,0.95,1.0,1.0,0.8500000000000001,0.975
PAFAH1B1,43,31,12,0.9408602150537634,0.9139784946236559,0.9086021505376344,0.7930107526881721,0.836021505376344
PAK1,18,15,3,1.0,1.0,1.0,0.9777777777777779,0.9555555555555556
PALB2,59,3,56,0.8095238095238095,0.875,0.7678571428571428,0.8630952380952381,0.8303571428571429
PATL2,12,3,9,0.7037037037037037,0.7037037037037037,0.6296296296296297,0.7592592592592593,0.7777777777777778
PAX3,35,25,10,0.996,0.996,0.964,0.9520000000000001,0.6819999999999999
PBX1,15,12,3,1.0,1.0,1.0,0.9444444444444444,0.7361111111111112
PC,37,12,25,1.0,1.0,1.0,0.9766666666666666,0.9
PCCA,37,30,7,0.9619047619047619,0.8714285714285714,0.9095238095238094,0.9857142857142857,0.8523809523809524
PCDH12,44,3,41,0.991869918699187,1.0,0.991869918699187,0.9471544715447155,0.9024390243902439
PCDH19,95,83,12,0.9949799196787148,0.9829317269076305,0.9688755020080321,0.9497991967871485,0.8639558232931727
PCSK1,15,9,6,0.9814814814814815,1.0,1.0,1.0,0.962962962962963
PCSK9,26,11,15,0.6909090909090909,0.8484848484848485,0.793939393939394,0.6878787878787879,0.6757575757575758
PDE3A,17,3,14,0.9285714285714286,1.0,0.8333333333333334,1.0,0.9285714285714285
PDE4D,23,10,13,1.0,1.0,0.9846153846153847,0.926923076923077,0.8846153846153846
PDE6B,34,23,11,0.9525691699604744,0.9604743083003953,0.841897233201581,0.8774703557312253,0.8359683794466402
PDE6C,23,18,5,1.0,1.0,0.9666666666666667,0.8999999999999999,0.8
PDGFRB,90,9,81,0.9780521262002744,1.0,0.9807956104252401,0.8264746227709191,0.9197530864197531
PEPD,21,6,15,0.9666666666666667,0.8777777777777778,0.9222222222222223,0.888888888888889,0.6277777777777778
PEX1,28,6,22,0.9924242424242424,0.9696969696969696,0.9545454545454545,0.962121212121212,0.9318181818181818
PEX6,22,10,12,0.9333333333333333,0.9333333333333333,0.8083333333333333,0.9416666666666667,0.9333333333333333
PGAP3,16,7,9,1.0,1.0,1.0,0.9365079365079365,0.9126984126984127
PGK1,24,7,17,0.8739495798319327,0.9327731092436974,0.8907563025210083,0.7815126050420167,0.8697478991596639
PHEX,122,94,28,0.976063829787234,0.9705547112462005,0.9722644376899696,0.9090045592705167,0.9441489361702129
PHF6,9,6,3,0.7222222222222223,0.888888888888889,0.6666666666666667,0.6666666666666667,0.8333333333333334
PHGDH,6,3,3,0.6666666666666667,0.7777777777777779,0.7777777777777779,0.6666666666666667,0.6666666666666667
PHIP,71,18,53,0.9150943396226414,0.9486373165618449,0.9423480083857443,0.7578616352201258,0.8563941299790356
PHKA2,59,14,45,0.9380952380952381,0.9587301587301588,0.919047619047619,0.8960317460317461,0.7904761904761904
PIEZO1,114,10,104,0.898076923076923,0.9211538461538461,0.903846153846154,0.8692307692307693,0.8894230769230769
PIGA,30,13,17,0.9683257918552035,0.9728506787330317,0.8823529411764706,0.9502262443438914,0.9705882352941176
PIGL,6,3,3,1.0,1.0,1.0,1.0,1.0
PIGN,19,11,8,0.8409090909090909,0.8863636363636364,0.9090909090909091,0.8806818181818181,0.7613636363636364
PIGO,14,3,11,0.9090909090909091,1.0,0.9393939393939393,1.0,0.9090909090909091
PIGS,15,3,12,0.9444444444444444,0.8333333333333333,0.9722222222222222,0.875,0.8888888888888888
PIGV,7,4,3,0.6666666666666667,0.9166666666666667,0.9166666666666667,1.0,0.8333333333333334
PIK3CA,54,49,5,0.8612244897959184,0.8489795918367348,0.8612244897959184,0.9510204081632654,0.936734693877551
PIK3CD,32,9,23,0.9806763285024155,1.0,0.8115942028985508,0.855072463768116,0.9782608695652174
PIK3CG,14,3,11,0.8181818181818181,0.9090909090909091,0.9696969696969697,0.8787878787878787,0.6666666666666666
PIK3R2,29,3,26,0.7307692307692307,0.9358974358974359,0.8333333333333333,0.8717948717948718,0.8525641025641025
PKD1,241,79,162,0.9563994374120955,0.9724957024535085,0.960696983903735,0.8596265041412722,0.9390529770276606
PKD2,22,10,12,0.9416666666666667,0.9583333333333335,1.0,0.7916666666666666,0.9208333333333334
PKHD1,131,90,41,0.9447154471544715,0.9598915989159892,0.9303523035230352,0.9130081300813007,0.9670731707317073
PLA2G6,52,48,4,0.9947916666666666,0.9895833333333333,1.0,1.0,0.9947916666666666
PLAA,6,3,3,1.0,1.0,1.0,1.0,1.0
PLCB4,13,6,7,1.0,1.0,1.0,0.7023809523809523,0.6428571428571428
PLCE1,27,3,24,1.0,1.0,1.0,1.0,0.9583333333333334
PLCZ1,8,3,5,1.0,1.0,1.0,1.0,1.0
PLD1,21,5,16,1.0,1.0,1.0,0.95,0.875
PLP1,25,20,5,0.7000000000000001,0.84,0.8099999999999999,0.6499999999999999,0.63
PMP22,20,17,3,0.9803921568627452,1.0,1.0,0.9411764705882353,0.9215686274509803
PMPCA,8,3,5,0.9333333333333333,0.7333333333333333,0.8666666666666667,1.0,0.9
PMS2,40,16,24,0.9739583333333333,0.9947916666666667,0.9791666666666665,0.9739583333333334,0.9895833333333333
PNP,8,5,3,1.0,1.0,1.0,1.0,0.8333333333333334
PNPLA2,11,4,7,0.9642857142857143,1.0,1.0,0.8928571428571428,0.8928571428571428
PNPT1,17,11,6,0.9848484848484849,0.9848484848484849,1.0,0.9242424242424242,0.9166666666666666
POC1A,9,4,5,0.85,0.9,0.8,0.75,0.9
POGZ,67,5,62,0.8483870967741935,0.8612903225806452,0.8,0.8048387096774193,0.8951612903225806
POLE,41,7,34,0.907563025210084,0.9033613445378151,0.8865546218487395,0.8970588235294118,0.8802521008403361
POLG,80,69,11,0.9907773386034255,0.9960474308300395,0.9762845849802372,0.9789196310935441,0.8985507246376812
POLK,19,15,4,0.7333333333333333,1.0,0.9166666666666666,0.9416666666666667,0.8666666666666667
POLR1C,10,7,3,1.0,1.0,1.0,1.0,0.8571428571428572
POLR3A,18,12,6,0.9583333333333334,1.0,0.8750000000000001,0.9027777777777778,0.8055555555555556
POLR3B,16,11,5,0.9636363636363636,0.9272727272727272,0.8363636363636364,0.9636363636363636,0.8818181818181818
POMT2,15,9,6,1.0,1.0,1.0,0.9814814814814815,0.8333333333333334
PORCN,22,8,14,0.9553571428571428,1.0,1.0,0.8616071428571428,0.8616071428571429
POT1,14,3,11,1.0,1.0,1.0,0.9696969696969697,1.0
POU3F3,19,14,5,0.9571428571428572,0.9714285714285715,0.9857142857142858,0.8999999999999999,0.9
PPA2,15,6,9,1.0,1.0,1.0,1.0,0.9259259259259259
PPP2CA,11,5,6,0.8666666666666667,1.0,0.8,0.8666666666666667,0.8333333333333334
PPP2R1A,32,12,20,0.8875000000000001,0.9458333333333333,0.8583333333333333,0.8291666666666666,0.8125
PPP2R5D,16,11,5,0.8363636363636363,0.8636363636363636,0.7636363636363637,0.8818181818181818,0.6545454545454545
PQBP1,8,3,5,1.0,1.0,1.0,1.0,1.0
PRF1,44,41,3,1.0,0.983739837398374,0.967479674796748,0.983739837398374,0.9634146341463415
PRKAG2,27,14,13,1.0,1.0,1.0,0.9285714285714286,0.9532967032967034
PRKAR1B,10,5,5,0.8,0.7600000000000001,0.88,0.8,0.8600000000000001
PRKCG,40,35,5,0.9942857142857143,1.0,1.0,0.9942857142857142,0.9
PRKN,13,3,10,1.0,1.0,0.8333333333333333,0.85,0.8666666666666667
PRMT7,12,4,8,1.0,1.0,0.96875,0.96875,0.96875
PROM1,17,8,9,0.8333333333333334,0.8611111111111112,0.7777777777777778,0.8472222222222222,0.875
PROP1,9,5,4,0.9,0.95,1.0,0.75,0.95
PRPF3,12,6,6,1.0,0.9722222222222223,0.9166666666666667,1.0,1.0
PRPF8,28,25,3,0.6133333333333334,0.5466666666666667,0.5866666666666667,0.68,0.44
PRRT2,28,11,17,1.0,1.0,1.0,0.9839572192513368,0.8957219251336898
PRSS1,19,4,15,0.75,0.6666666666666667,0.7666666666666667,0.6916666666666667,0.6833333333333333
PRSS56,17,7,10,0.9571428571428572,1.0,1.0,0.9714285714285714,0.9428571428571428
PSAP,15,7,8,0.9821428571428571,0.9642857142857143,0.9285714285714286,0.8571428571428571,0.9107142857142857
PSEN1,39,36,3,0.6296296296296297,0.6666666666666667,0.5833333333333334,0.6898148148148149,0.6712962962962963
PSMB8,13,4,9,0.9166666666666667,0.9722222222222222,0.9722222222222222,0.875,0.8611111111111112
PTCH1,148,36,112,0.9811507936507937,0.9830109126984127,0.9789186507936508,0.9532490079365079,0.8675595238095238
PTDSS1,19,4,15,0.65,0.7333333333333333,0.75,0.8,0.6166666666666667
PTEN,195,188,7,0.9969604863221885,0.9984802431610942,0.993920972644377,0.9274316109422494,0.976063829787234
PTH1R,10,5,5,1.0,1.0,1.0,1.0,1.0
PTPN11,53,47,6,0.9007092198581561,0.9787234042553191,0.7446808510638299,0.9609929078014184,0.9645390070921985
PUM1,13,3,10,0.8333333333333333,1.0,0.8333333333333333,0.7666666666666666,0.65
PURA,49,30,19,0.9210526315789473,0.9464912280701755,0.9403508771929826,0.9456140350877194,0.887719298245614
PYCR2,11,8,3,1.0,0.9583333333333334,0.7500000000000001,0.7916666666666667,0.8333333333333334
PYGL,13,8,5,0.875,0.9750000000000001,0.8,0.825,0.6
PYGM,31,27,4,0.9722222222222222,0.9629629629629629,0.962962962962963,1.0,0.699074074074074
RAB3GAP2,13,3,10,1.0,0.9333333333333333,0.9666666666666667,1.0,0.9
RAD21,15,5,10,1.0,1.0,0.98,0.8200000000000001,1.0
RAD51C,68,14,54,0.9497354497354498,0.92989417989418,0.9642857142857142,0.9457671957671958,0.8849206349206349
RAF1,39,26,13,0.9822485207100591,0.9911242603550295,0.9792899408284024,0.9585798816568047,0.886094674556213
RAG1,48,37,11,0.9164619164619164,0.9901719901719901,0.9484029484029484,0.8992628992628993,0.9447174447174447
RAG2,55,47,8,0.9308510638297872,0.9414893617021276,0.9946808510638298,0.913563829787234,0.9946808510638299
RAI1,312,5,307,0.7583061889250815,0.8182410423452768,0.7504885993485342,0.6416938110749186,0.7677524429967427
RAPSN,15,11,4,0.8409090909090909,1.0,0.9090909090909092,0.7045454545454546,0.6590909090909091
RARS2,25,17,8,0.9926470588235294,0.9705882352941176,0.926470588235294,0.9301470588235294,0.9301470588235294
RASGRP2,11,8,3,1.0,1.0,0.7916666666666667,0.8333333333333333,0.5833333333333334
RB1,82,33,49,0.9270253555967841,0.935064935064935,0.9171304885590599,0.9025974025974026,0.8188002473716759
RDH5,8,3,5,1.0,1.0,1.0,1.0,1.0
RECQL4,34,5,29,0.7103448275862069,0.8344827586206897,0.7586206896551724,0.7758620689655172,0.7379310344827587
RELN,212,6,206,0.7815533980582524,0.712378640776699,0.7030744336569579,0.4890776699029126,0.5926375404530744
RERE,104,17,87,0.9445571331981069,0.931710615280595,0.8951994590939824,0.7856659905341447,0.7325895875591616
RET,57,27,30,0.9530864197530864,0.9851851851851852,0.980246913580247,0.9592592592592593,0.9493827160493827
RFT1,14,6,8,1.0,0.9791666666666666,0.9791666666666666,0.9583333333333334,0.9375
RHO,66,60,6,0.9750000000000001,0.9194444444444444,0.9944444444444445,0.9138888888888889,0.8569444444444445
RLBP1,9,5,4,0.8,0.9,0.9,0.95,0.8
RLIM,23,11,12,0.9848484848484849,0.9924242424242424,0.9924242424242424,0.7272727272727273,0.9772727272727272
RMND1,13,8,5,0.9750000000000001,1.0,0.9750000000000001,1.0,0.8375
RNASEH2A,7,4,3,0.9166666666666667,1.0,0.8333333333333334,0.9166666666666667,0.9166666666666667
RNASEH2B,6,3,3,1.0,1.0,1.0,0.6666666666666667,1.0
ROBO3,30,11,19,1.0,0.9138755980861244,0.9952153110047848,0.9712918660287081,0.8827751196172249
ROR2,27,11,16,0.9375,0.9318181818181818,0.8977272727272727,0.9147727272727273,0.8579545454545454
RP2,29,5,24,1.0,1.0,1.0,1.0,0.9583333333333334
RPGRIP1,19,10,9,0.8999999999999999,0.8999999999999999,0.8666666666666667,0.9277777777777778,0.9333333333333332
RPS6KA3,30,22,8,0.9943181818181819,1.0,0.9886363636363636,0.9943181818181819,1.0
RS1,61,53,8,1.0,0.9834905660377359,0.9858490566037736,1.0,0.8608490566037736
RSPO4,6,3,3,1.0,1.0,1.0,1.0,1.0
RTTN,35,6,29,0.9022988505747127,0.8563218390804598,0.8390804597701149,0.8591954022988506,0.8218390804597702
RYR1,24,21,3,0.9841269841269842,1.0,0.9365079365079365,0.6031746031746033,0.9444444444444444
RYR2,32,29,3,1.0,0.9540229885057472,0.9655172413793104,0.896551724137931,0.9885057471264369
SACS,487,29,458,0.9210209305827436,0.9203809667218793,0.9088992621593134,0.8520177684083723,0.8820960698689957
SAMD9,58,14,44,0.7711038961038962,0.7792207792207793,0.7321428571428572,0.8417207792207793,0.7418831168831168
SAMD9L,44,9,35,0.9047619047619048,0.873015873015873,0.6984126984126985,0.8555555555555555,0.8952380952380953
SART3,7,3,4,1.0,1.0,1.0,1.0,1.0
SATB1,11,8,3,1.0,1.0,0.8333333333333334,1.0,0.9791666666666667
SATB2,93,33,60,0.9287878787878788,0.9792929292929292,0.8823232323232324,0.8810606060606061,0.8474747474747475
SCN11A,46,4,42,0.8154761904761905,0.8869047619047619,0.8928571428571428,0.8333333333333333,0.8184523809523809
SCN1A,573,528,45,0.9738636363636363,0.9804713804713804,0.9794191919191919,0.9392255892255893,0.7669612794612795
SCN2A,248,229,19,0.8832452309813836,0.9297862560330958,0.9259940243622157,0.8485405653872674,0.6986899563318777
SCN4A,58,44,14,0.9707792207792207,0.9821428571428572,0.9334415584415584,0.9099025974025974,0.9196428571428571
SCN8A,179,145,34,0.8880324543610547,0.9223123732251521,0.95841784989858,0.7221095334685598,0.6462474645030426
SCN9A,12,3,9,1.0,1.0,0.9629629629629629,1.0,0.8888888888888888
SCYL1,16,3,13,0.7179487179487178,0.8205128205128205,0.8205128205128205,0.8717948717948718,0.7948717948717948
SDHA,15,10,5,0.9800000000000001,0.9400000000000001,0.9199999999999999,0.96,0.78
SDHB,48,45,3,1.0,1.0,1.0,1.0,1.0
SEC23B,9,4,5,0.8,0.75,0.85,0.8,0.35
SEC24D,19,4,15,0.9,0.9333333333333333,0.9666666666666667,0.6916666666666667,0.8999999999999999
SEC63,15,6,9,0.8333333333333334,0.888888888888889,0.8703703703703703,0.9444444444444445,0.962962962962963
SEMA6B,45,4,41,0.7743902439024389,0.9390243902439025,0.8963414634146342,0.7042682926829269,0.8902439024390244
SEPSECS,8,3,5,1.0,1.0,0.8666666666666667,0.7333333333333333,1.0
SERAC1,16,3,13,1.0,1.0,0.9743589743589745,0.9743589743589743,1.0
SERPINA1,56,14,42,0.8010204081632654,0.7755102040816327,0.8367346938775511,0.7959183673469388,0.8078231292517006
SERPINC1,25,16,9,0.9305555555555556,0.9652777777777777,0.9583333333333333,0.9097222222222222,0.8958333333333334
SERPING1,50,29,21,0.9852216748768473,0.9737274220032841,0.9556650246305419,0.9064039408866995,0.9950738916256158
SERPINI1,19,4,15,1.0,1.0,1.0,0.8833333333333334,0.8583333333333334
SETBP1,263,5,258,0.9821705426356588,0.9953488372093023,0.9767441860465117,0.9558139534883721,0.9302325581395349
SETD1A,89,8,81,0.9351851851851851,0.9660493827160493,0.787037037037037,0.7916666666666666,0.8587962962962963
SETD1B,89,12,77,0.9296536796536797,0.9442640692640691,0.9134199134199134,0.4604978354978355,0.8636363636363636
SETD2,163,8,155,0.9556451612903225,0.9467741935483871,0.9790322580645161,0.9370967741935484,0.8330645161290323
SETD5,103,10,93,0.9989247311827957,0.9967741935483871,0.9978494623655915,0.9623655913978495,0.6021505376344086
SETX,195,15,180,0.9329629629629629,0.958888888888889,0.9292592592592592,0.9651851851851851,0.8679629629629629
SGCG,8,5,3,0.7333333333333334,0.9333333333333333,1.0,0.9333333333333333,0.6000000000000001
SGSH,27,20,7,0.9714285714285714,1.0,0.9142857142857144,0.8785714285714286,0.8535714285714285
SH3TC2,22,7,15,0.9904761904761905,0.9714285714285715,1.0,0.9904761904761905,0.9333333333333333
SHH,18,11,7,0.9220779220779222,0.9350649350649352,0.948051948051948,0.6428571428571428,0.9155844155844156
SHOC2,11,3,8,0.5416666666666666,0.9166666666666666,0.6666666666666666,0.4583333333333333,0.5625
SI,20,3,17,1.0,1.0,0.9607843137254901,0.9313725490196079,1.0
SIN3A,13,3,10,1.0,1.0,1.0,0.9666666666666667,0.9
SIX3,6,3,3,1.0,1.0,1.0,1.0,1.0
SKI,41,9,32,1.0,1.0,0.9965277777777778,0.8576388888888888,0.9809027777777778
SLC12A1,20,12,8,0.96875,0.9166666666666666,0.8958333333333334,0.9270833333333334,0.9375
SLC12A3,57,48,9,0.9837962962962964,1.0,0.9791666666666666,0.986111111111111,0.931712962962963
SLC12A6,9,4,5,1.0,1.0,1.0,1.0,0.9
SLC16A2,43,16,27,0.9606481481481481,0.9768518518518519,0.9791666666666667,0.9236111111111112,0.9189814814814815
SLC19A2,9,6,3,1.0,1.0,1.0,1.0,1.0
SLC19A3,17,11,6,0.9848484848484849,1.0,1.0,1.0,0.9924242424242424
SLC1A4,9,3,6,0.9444444444444444,1.0,0.9444444444444444,0.888888888888889,0.888888888888889
SLC20A2,16,4,12,0.9166666666666666,0.8958333333333333,0.875,0.8333333333333334,0.9270833333333334
SLC24A5,8,3,5,1.0,1.0,0.9333333333333333,1.0,0.9
SLC25A15,10,6,4,1.0,1.0,1.0,1.0,1.0
SLC25A19,15,11,4,1.0,1.0,0.8409090909090909,1.0,1.0
SLC25A24,9,3,6,0.888888888888889,0.8333333333333334,0.8333333333333334,0.888888888888889,0.5555555555555556
SLC25A26,12,4,8,1.0,1.0,1.0,0.96875,1.0
SLC25A4,6,3,3,0.888888888888889,1.0,1.0,1.0,0.888888888888889
SLC26A2,28,22,6,0.9545454545454546,0.9924242424242424,0.9696969696969697,0.8598484848484849,0.9053030303030303
SLC26A3,21,5,16,1.0,0.9875,1.0,0.9875,0.90625
SLC26A4,134,120,14,0.8928571428571429,0.9273809523809524,0.7910714285714285,0.8550595238095238,0.8208333333333333
SLC27A4,15,6,9,0.9814814814814814,1.0,0.9259259259259259,0.962962962962963,1.0
SLC2A1,64,58,6,0.985632183908046,0.9770114942528736,0.92816091954023,0.949712643678161,0.9841954022988506
SLC2A10,23,8,15,1.0,1.0,1.0,1.0,0.9666666666666667
SLC2A2,9,5,4,0.85,0.95,1.0,1.0,1.0
SLC2A9,8,3,5,0.9333333333333333,0.7333333333333333,1.0,0.8666666666666667,0.8
SLC34A1,11,3,8,0.9166666666666666,0.875,1.0,0.8333333333333333,0.75
SLC34A3,20,7,13,0.9230769230769231,0.9780219780219781,0.8461538461538461,0.8241758241758241,0.8241758241758242
SLC38A8,23,3,20,0.9166666666666666,0.95,0.95,0.9500000000000001,0.75
SLC39A7,10,3,7,1.0,1.0,1.0,0.8095238095238095,1.0
SLC3A1,20,17,3,1.0,0.9607843137254902,0.9411764705882353,0.9607843137254902,0.9117647058823529
SLC40A1,28,24,4,0.9270833333333334,1.0,0.875,0.9791666666666666,0.8020833333333334
SLC4A1,14,7,7,1.0,1.0,1.0,1.0,0.9285714285714286
SLC4A2,6,3,3,0.888888888888889,0.7777777777777778,0.7777777777777778,0.888888888888889,0.888888888888889
SLC4A4,6,3,3,1.0,1.0,1.0,1.0,0.6666666666666667
SLC52A2,20,16,4,0.96875,0.859375,0.890625,0.984375,0.8671875
SLC5A1,11,7,4,1.0,1.0,1.0,1.0,1.0
SLC5A2,21,18,3,0.9814814814814815,1.0,1.0,1.0,0.9907407407407408
SLC5A5,8,4,4,1.0,1.0,1.0,1.0,1.0
SLC6A1,96,46,50,0.9443478260869564,0.9765217391304348,0.9160869565217391,0.8921739130434783,0.8326086956521739
SLC6A19,12,3,9,1.0,0.962962962962963,0.9259259259259258,0.9814814814814815,0.8333333333333334
SLC6A3,9,3,6,1.0,1.0,1.0,0.9444444444444445,1.0
SLC6A8,57,14,43,0.9617940199335548,0.9800664451827241,0.9485049833887044,0.9518272425249169,0.8612956810631229
SLC7A9,12,9,3,1.0,0.9259259259259259,0.962962962962963,1.0,0.925925925925926
SLCO2A1,22,7,15,1.0,1.0,0.9904761904761905,0.9714285714285714,1.0
SLITRK2,7,4,3,1.0,0.8333333333333334,1.0,1.0,1.0
SMAD4,17,13,4,0.9807692307692308,0.9230769230769231,0.9423076923076923,0.9807692307692308,0.9615384615384616
SMAD6,14,7,7,0.7346938775510203,0.836734693877551,0.8367346938775511,0.7959183673469388,0.8367346938775511
SMARCA2,134,69,65,0.9774804905239688,0.9734671125975474,0.931103678929766,0.7668896321070233,0.8313266443701226
SMARCA4,60,48,12,0.9184027777777778,0.984375,0.96875,0.9114583333333333,0.6666666666666667
SMARCAL1,25,12,13,1.0,1.0,1.0,0.9487179487179487,0.9519230769230769
SMARCE1,10,7,3,1.0,1.0,1.0,0.6666666666666667,0.8809523809523809
SMC1A,54,42,12,0.9226190476190476,0.9682539682539683,0.8015873015873016,0.9216269841269842,0.8571428571428571
SMC3,41,31,10,0.9225806451612903,0.9032258064516129,0.8258064516129032,0.8693548387096774,0.8887096774193549
SMCHD1,12,6,6,1.0,1.0,1.0,1.0,0.8472222222222223
SMO,15,6,9,1.0,1.0,1.0,0.9074074074074074,0.9907407407407407
SMPD1,73,61,12,0.9849726775956283,0.9863387978142077,0.9836065573770492,0.948087431693989,0.9774590163934426
SMS,18,14,4,1.0,1.0,1.0,0.9642857142857143,0.9910714285714286
SNAP25,21,15,6,0.9444444444444444,0.888888888888889,0.8555555555555556,0.8,0.9333333333333333
SNRNP200,61,6,55,0.9393939393939394,0.8666666666666666,0.8696969696969697,0.8833333333333333,0.8575757575757575
SOS1,83,28,55,0.9032467532467532,0.9077922077922078,0.903896103896104,0.7597402597402597,0.7964285714285715
SOS2,84,5,79,0.7848101265822784,0.949367088607595,0.8582278481012658,0.59873417721519,0.7278481012658228
SOX10,44,29,15,0.981609195402299,0.9931034482758622,0.9793103448275863,0.9862068965517242,0.906896551724138
SOX11,33,16,17,0.9852941176470588,0.9503676470588235,0.9595588235294117,0.9430147058823529,0.8731617647058824
SOX2,24,13,11,1.0,1.0,0.993006993006993,0.993006993006993,0.9020979020979021
SOX5,34,16,18,0.9444444444444444,0.9444444444444444,0.9965277777777778,0.8715277777777778,0.6875
SOX6,16,3,13,0.5897435897435898,0.5128205128205128,0.8974358974358975,0.6153846153846154,0.7692307692307692
SOX9,62,34,28,0.9590336134453781,0.9779411764705883,0.9747899159663865,0.7074579831932774,0.7930672268907563
SPAST,111,93,18,0.989247311827957,0.98805256869773,0.9874551971326165,0.986857825567503,0.9268219832735962
SPG11,25,4,21,0.773809523809524,0.7261904761904763,0.7142857142857143,0.7380952380952381,0.5773809523809523
SPTB,15,5,10,1.0,1.0,1.0,0.9400000000000001,0.77
SPTBN1,45,8,37,0.9189189189189189,0.9358108108108109,0.8243243243243245,0.9054054054054054,0.8429054054054054
SPTLC1,10,3,7,0.9047619047619048,0.9047619047619048,0.8571428571428571,0.9047619047619048,0.8095238095238095
SPTLC2,17,4,13,0.9038461538461537,0.9807692307692308,0.9038461538461539,0.9615384615384616,0.9423076923076923
SRCAP,82,3,79,0.7974683544303798,0.8354430379746834,0.8016877637130801,0.6118143459915611,0.5337552742616034
STAG1,30,6,24,0.8888888888888888,0.9791666666666666,0.9166666666666667,0.9722222222222223,0.8333333333333334
STAG2,19,6,13,1.0,1.0,0.8717948717948718,1.0,0.8589743589743589
STAMBP,6,3,3,1.0,1.0,1.0,0.888888888888889,0.7777777777777779
STAT3,80,57,23,0.927536231884058,0.9496567505720823,0.8497330282227307,0.7212051868802442,0.8611746758199847
STK11,42,29,13,0.9973474801061009,0.9893899204244032,1.0,0.9973474801061009,0.9840848806366047
STRC,16,4,12,0.9791666666666666,0.9791666666666666,0.9791666666666666,0.6874999999999999,1.0
STUB1,11,8,3,1.0,1.0,1.0,1.0,1.0
STXBP1,119,77,42,0.9282622139764997,0.9245516388373531,0.9397031539888683,0.8441558441558441,0.7484539270253556
SUCLA2,14,7,7,0.9591836734693877,0.9591836734693877,0.8979591836734694,0.9591836734693877,0.8979591836734694
SUCLG1,10,7,3,1.0,1.0,1.0,0.8809523809523809,1.0
SUMF1,16,9,7,0.9682539682539684,1.0,0.9682539682539684,0.9841269841269842,1.0
SUOX,15,7,8,0.875,0.8571428571428571,0.8571428571428571,0.875,0.7678571428571428
SUPT16H,7,3,4,0.9166666666666666,1.0,0.8333333333333333,0.8333333333333333,0.6666666666666666
SYK,8,3,5,1.0,1.0,1.0,0.8,0.9666666666666667
SYNGAP1,147,45,102,0.8625272331154684,0.9356209150326799,0.9191721132897605,0.8306100217864923,0.755119825708061
TALDO1,10,6,4,1.0,1.0,1.0,1.0,0.9791666666666667
TAOK1,13,5,8,0.95,1.0,1.0,0.975,0.775
TARS2,18,10,8,1.0,1.0,0.9625,0.9625,0.93125
TAT,13,9,4,1.0,1.0,1.0,0.9722222222222222,1.0
TBC1D24,21,18,3,0.9074074074074074,1.0,1.0,0.9629629629629629,0.9814814814814815
TBCD,32,5,27,0.9259259259259259,0.9481481481481482,0.9555555555555556,0.9185185185185185,0.8814814814814815
TBR1,18,8,10,1.0,1.0,1.0,0.9750000000000001,1.0
TBX19,10,6,4,1.0,1.0,1.0,1.0,1.0
TBX4,13,6,7,1.0,0.9761904761904763,0.9523809523809523,0.8214285714285714,0.9880952380952381
TBX5,43,20,23,0.9065217391304349,0.9108695652173914,0.9152173913043478,0.8673913043478261,0.7021739130434783
TCF7L2,6,3,3,1.0,1.0,1.0,0.888888888888889,0.5
TCIRG1,18,4,14,0.9642857142857143,0.9821428571428572,0.9821428571428572,0.9464285714285715,0.8660714285714285
TCOF1,62,6,56,0.8869047619047619,0.8392857142857143,0.8958333333333334,0.7648809523809523,0.9151785714285714
TCTN2,7,3,4,1.0,1.0,1.0,1.0,1.0
TECTA,37,13,24,0.8685897435897437,0.8685897435897436,0.8301282051282052,0.8189102564102564,0.7612179487179488
TEK,28,6,22,0.9924242424242424,0.9772727272727273,0.9545454545454546,0.9431818181818181,0.9545454545454546
TERT,44,23,21,0.9710144927536233,0.9855072463768115,0.9337474120082816,0.9730848861283644,0.9265010351966873
TF,8,3,5,1.0,1.0,0.9333333333333333,1.0,0.9333333333333333
TFE3,24,8,16,0.9921875,1.0,0.9609375,0.49609375,0.95703125
TFR2,20,5,15,0.9466666666666667,0.9733333333333334,0.9600000000000001,0.9733333333333334,0.92
TG,48,6,42,1.0,0.992063492063492,0.988095238095238,0.9365079365079365,0.9285714285714286
TGFBR1,7,3,4,1.0,1.0,1.0,1.0,1.0
TGM1,94,76,18,0.9649122807017544,0.9846491228070176,0.9751461988304094,0.9210526315789473,0.8782894736842105
TGM5,17,4,13,1.0,0.9615384615384616,1.0,1.0,0.7884615384615384
THOC2,18,13,5,0.9692307692307692,0.9384615384615385,0.9846153846153847,0.923076923076923,1.0
THOC6,8,5,3,1.0,1.0,1.0,0.8666666666666667,1.0
THRA,9,6,3,0.9444444444444445,1.0,0.888888888888889,1.0,0.8333333333333334
THRB,32,28,4,1.0,0.9910714285714286,1.0,0.9375,0.8571428571428571
TIAM1,7,3,4,1.0,0.9166666666666666,1.0,0.6666666666666666,0.75
TIMP3,9,6,3,0.8333333333333334,1.0,1.0,1.0,0.8055555555555556
TINF2,15,8,7,1.0,0.9642857142857143,0.9821428571428572,0.9107142857142857,0.9642857142857142
TK2,22,19,3,0.9649122807017544,0.9473684210526315,0.7894736842105263,0.9649122807017544,0.7719298245614035
TLK2,10,4,6,0.8333333333333334,1.0,0.9583333333333334,0.8333333333333333,0.8541666666666667
TMEM231,16,6,10,0.75,0.8500000000000001,0.5333333333333333,0.7833333333333333,0.8583333333333334
TMEM63B,7,3,4,0.8333333333333333,0.9166666666666666,1.0,1.0,0.75
TMEM67,38,33,5,0.993939393939394,0.9212121212121213,1.0,0.9484848484848485,0.9393939393939393
TMPRSS3,26,21,5,0.9809523809523809,0.9809523809523809,1.0,0.9095238095238095,0.8761904761904762
TNC,64,3,61,0.6010928961748634,0.5519125683060109,0.5956284153005464,0.6830601092896175,0.5765027322404371
TNFRSF11A,13,3,10,0.9666666666666667,1.0,0.9666666666666667,1.0,0.9500000000000001
TNFRSF1A,33,21,12,0.9801587301587302,0.9246031746031745,0.988095238095238,0.9186507936507936,0.8888888888888888
TNPO2,13,6,7,0.9047619047619048,1.0,0.9047619047619048,0.8928571428571428,1.0
TOE1,11,3,8,0.8333333333333333,0.875,0.7083333333333333,0.7083333333333333,0.7083333333333333
TP53,47,13,34,1.0,0.997737556561086,0.9932126696832579,0.9728506787330317,0.9626696832579186
TPO,29,15,14,0.9714285714285714,0.980952380952381,0.9523809523809523,0.9619047619047618,0.9166666666666666
TPP1,28,20,8,1.0,0.98125,0.95625,1.0,0.971875
TRAF7,25,9,16,0.9861111111111112,0.9652777777777778,0.6041666666666667,0.8680555555555556,0.6493055555555556
TRIO,31,6,25,0.8666666666666667,0.8866666666666667,0.8400000000000001,0.5533333333333332,0.6599999999999999
TRMU,20,12,8,0.9583333333333334,0.9895833333333334,0.9583333333333334,1.0,1.0
TRPC6,16,5,11,0.6727272727272727,0.6181818181818183,0.5454545454545454,0.6272727272727273,0.6909090909090909
TRPV3,28,6,22,1.0,1.0,0.9924242424242424,0.9545454545454545,0.8522727272727272
TRPV4,52,30,22,0.7621212121212122,0.8204545454545454,0.7893939393939393,0.8462121212121213,0.8227272727272728
TRRAP,36,3,33,0.5454545454545454,0.8484848484848485,0.5757575757575757,0.6767676767676768,0.5909090909090908
TSC1,71,13,58,0.9482758620689655,0.9615384615384616,0.9562334217506631,0.9071618037135278,0.8793103448275862
TSC2,318,143,175,0.9488511488511489,0.9424975024975025,0.9382217782217782,0.7957242757242756,0.7201998001998001
TSEN2,12,4,8,1.0,1.0,0.90625,1.0,1.0
TSEN54,27,5,22,0.9636363636363636,0.9454545454545454,0.9636363636363636,0.9318181818181818,0.9363636363636364
TSPAN12,6,3,3,1.0,1.0,1.0,1.0,1.0
TSPEAR,16,4,12,1.0,0.9791666666666666,0.9375,0.9791666666666666,0.8541666666666666
TTC21B,13,4,9,0.8888888888888888,0.8611111111111112,0.9166666666666667,0.7222222222222223,0.763888888888889
TTI1,10,4,6,0.7083333333333334,0.75,0.7083333333333334,0.7916666666666666,0.7291666666666666
TTI2,16,4,12,1.0,0.9791666666666666,0.9791666666666666,0.9895833333333333,0.9166666666666667
TUBGCP6,38,3,35,0.5333333333333333,0.6476190476190476,0.6761904761904761,0.9047619047619048,0.5904761904761905
TULP1,26,22,4,0.9545454545454546,0.9772727272727273,0.9659090909090909,0.9602272727272727,0.9659090909090909
TYMP,35,30,5,1.0,0.9533333333333334,0.9133333333333333,0.9866666666666667,0.97
TYRP1,10,6,4,1.0,1.0,1.0,1.0,1.0
UBA5,6,3,3,1.0,1.0,1.0,1.0,0.8333333333333334
UBE3B,11,4,7,1.0,0.8214285714285714,0.6428571428571428,0.8214285714285714,0.8035714285714285
UGGT1,16,3,13,0.8974358974358974,0.9743589743589745,0.9487179487179488,0.923076923076923,0.8461538461538461
UNC13A,13,3,10,0.9333333333333333,1.0,0.8333333333333333,0.9333333333333333,0.8
UNC13D,16,9,7,0.8571428571428571,0.9365079365079365,0.9047619047619047,0.8253968253968255,0.9603174603174602
UROS,8,3,5,0.8,0.8,0.8,0.7333333333333333,0.6666666666666666
USB1,7,3,4,1.0,1.0,1.0,1.0,1.0
USH2A,310,221,89,0.9571406782246175,0.9643347399461081,0.9499720372159237,0.9476333316386192,0.904951954852814
USP45,17,4,13,0.7692307692307693,0.7115384615384615,0.7884615384615385,0.8269230769230769,0.8846153846153846
USP53,22,5,17,0.9882352941176471,0.9882352941176471,0.9764705882352941,0.9705882352941176,0.8823529411764706
USP9X,47,14,33,0.9567099567099567,0.9718614718614719,0.9393939393939394,0.9090909090909091,0.6774891774891775
VHL,114,87,27,0.9272030651340996,0.9444444444444445,0.9220945083014049,0.8271604938271604,0.8599404001702853
VLDLR,8,3,5,1.0,1.0,0.9333333333333333,1.0,1.0
VPS13D,46,6,40,0.9375,0.9958333333333333,1.0,0.9208333333333333,0.7854166666666667
VPS53,8,3,5,0.4666666666666666,0.6,0.5333333333333333,0.5333333333333333,0.6
VWF,144,120,24,0.9447916666666666,0.9491319444444445,0.9458333333333333,0.8310763888888888,0.9244791666666667
WARS2,9,4,5,1.0,1.0,1.0,1.0,1.0
WASHC5,14,8,6,0.9791666666666667,0.9583333333333334,1.0,1.0,0.9791666666666667
WDFY3,56,7,49,0.9271137026239067,0.9096209912536444,0.868804664723032,0.912536443148688,0.7142857142857143
WDR1,12,7,5,0.8285714285714285,1.0,0.6571428571428571,0.942857142857143,0.7571428571428571
WDR19,26,16,10,0.9500000000000001,0.96875,0.9125000000000001,0.903125,0.8437500000000001
WDR35,6,3,3,0.6666666666666667,0.6666666666666667,0.6666666666666667,1.0,0.7777777777777778
WDR37,27,8,19,0.7894736842105263,0.9539473684210527,0.9144736842105263,0.7401315789473685,0.8355263157894737
WDR45,15,5,10,1.0,1.0,0.9400000000000001,1.0,0.95
WDR72,12,3,9,0.8148148148148148,0.7962962962962963,0.9259259259259258,0.888888888888889,0.8518518518518519
WDR73,10,5,5,1.0,1.0,0.9600000000000001,1.0,0.98
WFS1,71,47,24,0.9530141843971631,0.9423758865248228,0.9494680851063829,0.9578900709219859,0.8745567375886525
WNT10A,21,15,6,0.9555555555555556,1.0,0.9333333333333333,0.9555555555555556,0.9055555555555556
WNT5A,16,6,10,0.8999999999999999,0.8666666666666667,0.7666666666666666,0.9333333333333333,0.8166666666666667
WRN,10,5,5,0.88,0.88,0.9600000000000001,0.8400000000000001,0.6599999999999999
WWOX,18,7,11,0.8181818181818181,0.9090909090909091,0.6363636363636364,0.8051948051948051,0.7857142857142857
XYLT2,8,3,5,1.0,1.0,1.0,1.0,0.9
YWHAG,10,7,3,1.0,1.0,1.0,1.0,0.7857142857142857
YY1,12,9,3,1.0,1.0,0.962962962962963,1.0,1.0
ZAP70,9,5,4,0.8,0.9,1.0,0.8,0.8
ZBTB20,63,29,34,0.9746450304259635,1.0,0.9969574036511156,0.9148073022312373,0.9016227180527383
ZBTB7A,9,3,6,1.0,0.9444444444444444,0.8333333333333333,0.9444444444444444,1.0
ZC4H2,13,9,4,1.0,1.0,1.0,1.0,1.0
ZEB2,141,28,113,0.9728192161820481,0.9739254108723135,0.9804045512010113,0.8209544879898862,0.8707332490518331
ZFPM2,28,4,24,0.8020833333333333,0.8020833333333333,0.7291666666666666,0.765625,0.8333333333333333
ZMYND11,21,10,11,0.6727272727272726,0.9636363636363636,0.9363636363636363,0.9727272727272727,0.9272727272727272
ZNF148,10,3,7,0.8571428571428571,0.9047619047619048,0.7619047619047619,0.7142857142857143,0.7619047619047619
ZNF335,28,4,24,0.9895833333333334,0.9895833333333334,1.0,1.0,0.9166666666666666
ZNRF3,10,3,7,0.9523809523809524,1.0,1.0,1.0,1.0
